Year,SA3 name,SA2 code,SA2 name,M (0-4),M (5-9),M (10-14),M (15-19),M (20-24),M (25-29),M (30-34),M (35-39),M (40-44),M (45-49),M (50-54),M (55-59),M (60-64),M (65-69),M (70-74),M (75-79),M (80-84),M (85+),Total M,F (0-4),F (5-9),F (10-14),F (15-19),F (20-24),F (25-29),F (30-34),F (35-39),F (40-44),F (45-49),F (50-54),F (55-59),F (60-64),F (65-69),F (70-74),F (75-79),F (80-84),F (85+),Total F,A (0-4),A (5-9),A (10-14),A (15-19),A (20-24),A (25-29),A (30-34),A (35-39),A (40-44),A (45-49),A (50-54),A (55-59),A (60-64),A (65-69),A (70-74),A (75-79),A (80-84),A (85+),Total A
2011,Melbourne City,206041117.0,Carlton,233.0,178.0,147.0,611.0,2201.0,1387.0,701.0,430.0,256.0,194.0,200.0,182.0,191.0,137.0,102.0,64.0,63.0,19.0,7296.0,215.0,160.0,129.0,784.0,2561.0,1370.0,719.0,352.0,258.0,232.0,220.0,242.0,205.0,125.0,103.0,71.0,36.0,44.0,7826.0,448.0,338.0,276.0,1395.0,4762.0,2757.0,1420.0,782.0,514.0,426.0,420.0,424.0,396.0,262.0,205.0,135.0,99.0,63.0,15122.0
2011,Melbourne City,206041118.0,Docklands,106.0,40.0,26.0,122.0,440.0,672.0,530.0,280.0,209.0,184.0,199.0,150.0,167.0,98.0,42.0,26.0,7.0,1.0,3299.0,116.0,30.0,34.0,132.0,469.0,576.0,422.0,198.0,158.0,171.0,186.0,157.0,125.0,69.0,26.0,17.0,0.0,11.0,2897.0,222.0,70.0,60.0,254.0,909.0,1248.0,952.0,478.0,367.0,355.0,385.0,307.0,292.0,167.0,68.0,43.0,7.0,12.0,6196.0
2011,Melbourne City,206041119.0,East Melbourne,86.0,26.0,35.0,47.0,181.0,422.0,401.0,199.0,169.0,154.0,141.0,155.0,164.0,141.0,89.0,35.0,36.0,28.0,2509.0,99.0,31.0,32.0,49.0,263.0,482.0,368.0,208.0,144.0,142.0,157.0,180.0,171.0,158.0,59.0,56.0,56.0,74.0,2729.0,185.0,57.0,67.0,96.0,444.0,904.0,769.0,407.0,313.0,296.0,298.0,335.0,335.0,299.0,148.0,91.0,92.0,102.0,5238.0
2011,Melbourne City,206041120.0,Flemington Racecourse,0.0,0.0,3.0,6.0,7.0,8.0,4.0,0.0,0.0,0.0,5.0,4.0,3.0,0.0,0.0,0.0,0.0,0.0,40.0,0.0,0.0,0.0,0.0,12.0,14.0,14.0,3.0,0.0,3.0,0.0,0.0,0.0,0.0,0.0,0.0,0.0,0.0,46.0,0.0,0.0,3.0,6.0,19.0,22.0,18.0,3.0,0.0,3.0,5.0,4.0,3.0,0.0,0.0,0.0,0.0,0.0,86.0
2011,Melbourne City,206041121.0,Kensington (Vic.),350.0,216.0,147.0,161.0,504.0,767.0,720.0,517.0,442.0,290.0,251.0,196.0,157.0,109.0,88.0,59.0,32.0,19.0,5025.0,337.0,191.0,145.0,166.0,564.0,889.0,733.0,537.0,389.0,278.0,223.0,210.0,174.0,117.0,94.0,71.0,52.0,64.0,5234.0,687.0,407.0,292.0,327.0,1068.0,1656.0,1453.0,1054.0,831.0,568.0,474.0,406.0,331.0,226.0,182.0,130.0,84.0,83.0,10259.0
2011,Melbourne City,206041124.0,Parkville,82.0,44.0,46.0,518.0,845.0,353.0,240.0,142.0,125.0,109.0,101.0,98.0,99.0,100.0,72.0,40.0,47.0,51.0,3112.0,76.0,59.0,72.0,614.0,943.0,403.0,227.0,130.0,120.0,108.0,97.0,119.0,119.0,87.0,50.0,50.0,56.0,109.0,3439.0,158.0,103.0,118.0,1132.0,1788.0,756.0,467.0,272.0,245.0,217.0,198.0,217.0,218.0,187.0,122.0,90.0,103.0,160.0,6551.0
2011,Melbourne City,206041125.0,South Yarra - West,129.0,73.0,71.0,127.0,242.0,470.0,412.0,281.0,208.0,161.0,136.0,173.0,159.0,166.0,120.0,70.0,67.0,55.0,3120.0,102.0,73.0,69.0,161.0,346.0,535.0,398.0,236.0,192.0,154.0,160.0,148.0,193.0,157.0,103.0,80.0,69.0,130.0,3306.0,231.0,146.0,140.0,288.0,588.0,1005.0,810.0,517.0,400.0,315.0,296.0,321.0,352.0,323.0,223.0,150.0,136.0,185.0,6426.0
2011,Melbourne City,206041127.0,West Melbourne - Industrial,0.0,0.0,0.0,0.0,0.0,0.0,0.0,0.0,0.0,0.0,0.0,0.0,0.0,0.0,0.0,0.0,0.0,0.0,0.0,0.0,0.0,0.0,0.0,0.0,0.0,0.0,0.0,0.0,0.0,0.0,0.0,0.0,0.0,0.0,0.0,0.0,0.0,0.0,0.0,0.0,0.0,0.0,0.0,0.0,0.0,0.0,0.0,0.0,0.0,0.0,0.0,0.0,0.0,0.0,0.0,0.0,0.0
2011,Melbourne City,206041503.0,Melbourne CBD - East,93.0,30.0,19.0,251.0,1092.0,926.0,514.0,294.0,188.0,146.0,138.0,103.0,114.0,95.0,57.0,26.0,29.0,14.0,4129.0,72.0,32.0,41.0,257.0,1110.0,807.0,458.0,203.0,136.0,143.0,123.0,145.0,121.0,58.0,38.0,24.0,19.0,23.0,3810.0,165.0,62.0,60.0,508.0,2202.0,1733.0,972.0,497.0,324.0,289.0,261.0,248.0,235.0,153.0,95.0,50.0,48.0,37.0,7939.0
2011,Melbourne City,206041504.0,Melbourne CBD - North,52.0,23.0,13.0,279.0,1047.0,765.0,382.0,182.0,74.0,84.0,59.0,79.0,61.0,31.0,17.0,9.0,5.0,10.0,3172.0,65.0,21.0,5.0,390.0,1228.0,765.0,301.0,96.0,72.0,65.0,67.0,63.0,44.0,20.0,9.0,5.0,11.0,2.0,3229.0,117.0,44.0,18.0,669.0,2275.0,1530.0,683.0,278.0,146.0,149.0,126.0,142.0,105.0,51.0,26.0,14.0,16.0,12.0,6401.0
2011,Melbourne City,206041505.0,Melbourne CBD - West,81.0,18.0,36.0,220.0,983.0,999.0,578.0,272.0,190.0,130.0,115.0,99.0,71.0,38.0,15.0,17.0,3.0,6.0,3871.0,69.0,12.0,17.0,242.0,1079.0,965.0,435.0,225.0,143.0,143.0,89.0,60.0,44.0,45.0,13.0,7.0,9.0,7.0,3604.0,150.0,30.0,53.0,462.0,2062.0,1964.0,1013.0,497.0,333.0,273.0,204.0,159.0,115.0,83.0,28.0,24.0,12.0,13.0,7475.0
2011,Melbourne City,206041506.0,North Melbourne,277.0,203.0,224.0,371.0,1048.0,1138.0,802.0,467.0,338.0,329.0,250.0,273.0,204.0,143.0,106.0,111.0,50.0,41.0,6375.0,234.0,185.0,222.0,367.0,1101.0,1166.0,726.0,425.0,325.0,324.0,264.0,243.0,189.0,134.0,133.0,83.0,74.0,59.0,6254.0,511.0,388.0,446.0,738.0,2149.0,2304.0,1528.0,892.0,663.0,653.0,514.0,516.0,393.0,277.0,239.0,194.0,124.0,100.0,12629.0
2011,Melbourne City,206041507.0,Royal Botanic Gardens Victoria,0.0,0.0,0.0,0.0,0.0,0.0,0.0,0.0,0.0,0.0,0.0,0.0,0.0,0.0,0.0,0.0,0.0,0.0,0.0,0.0,0.0,0.0,0.0,0.0,0.0,0.0,0.0,0.0,0.0,0.0,0.0,0.0,0.0,0.0,0.0,0.0,0.0,0.0,0.0,0.0,0.0,0.0,0.0,0.0,0.0,0.0,0.0,0.0,0.0,0.0,0.0,0.0,0.0,0.0,0.0,0.0,0.0
2011,Melbourne City,206041508.0,Southbank (West) - South Wharf,72.0,28.0,21.0,114.0,468.0,510.0,353.0,230.0,160.0,124.0,109.0,129.0,97.0,56.0,23.0,20.0,10.0,4.0,2528.0,68.0,24.0,24.0,125.0,465.0,439.0,267.0,135.0,130.0,126.0,118.0,119.0,67.0,60.0,31.0,18.0,14.0,1.0,2231.0,140.0,52.0,45.0,239.0,933.0,949.0,620.0,365.0,290.0,250.0,227.0,248.0,164.0,116.0,54.0,38.0,24.0,5.0,4759.0
2011,Melbourne City,206041509.0,Southbank - East,106.0,25.0,29.0,146.0,684.0,1026.0,637.0,316.0,185.0,156.0,114.0,91.0,121.0,90.0,71.0,23.0,11.0,8.0,3839.0,94.0,30.0,43.0,161.0,745.0,941.0,545.0,250.0,144.0,128.0,132.0,104.0,136.0,50.0,43.0,12.0,14.0,4.0,3576.0,200.0,55.0,72.0,307.0,1429.0,1967.0,1182.0,566.0,329.0,284.0,246.0,195.0,257.0,140.0,114.0,35.0,25.0,12.0,7415.0
2011,Melbourne City,206041510.0,West Melbourne - Residential,61.0,29.0,31.0,87.0,344.0,476.0,339.0,223.0,182.0,96.0,86.0,46.0,54.0,35.0,16.0,8.0,15.0,6.0,2134.0,63.0,30.0,32.0,66.0,307.0,342.0,195.0,119.0,110.0,70.0,67.0,48.0,49.0,43.0,21.0,20.0,14.0,2.0,1598.0,124.0,59.0,63.0,153.0,651.0,818.0,534.0,342.0,292.0,166.0,153.0,94.0,103.0,78.0,37.0,28.0,29.0,8.0,3732.0
2011,Port Phillip,206051128.0,Albert Park,401.0,310.0,230.0,211.0,467.0,777.0,815.0,682.0,630.0,507.0,469.0,453.0,428.0,375.0,247.0,170.0,112.0,104.0,7388.0,417.0,298.0,233.0,259.0,590.0,858.0,732.0,718.0,620.0,485.0,478.0,440.0,445.0,382.0,242.0,157.0,144.0,123.0,7621.0,818.0,608.0,463.0,470.0,1057.0,1635.0,1547.0,1400.0,1250.0,992.0,947.0,893.0,873.0,757.0,489.0,327.0,256.0,227.0,15009.0
2011,Port Phillip,206051129.0,Elwood,433.0,332.0,216.0,235.0,420.0,1070.0,1181.0,891.0,742.0,526.0,446.0,349.0,293.0,159.0,123.0,91.0,58.0,49.0,7614.0,458.0,285.0,220.0,188.0,525.0,1277.0,1192.0,975.0,780.0,520.0,462.0,352.0,251.0,186.0,116.0,109.0,72.0,84.0,8052.0,891.0,617.0,436.0,423.0,945.0,2347.0,2373.0,1866.0,1522.0,1046.0,908.0,701.0,544.0,345.0,239.0,200.0,130.0,133.0,15666.0
2011,Port Phillip,206051130.0,Port Melbourne,481.0,310.0,203.0,200.0,323.0,730.0,891.0,879.0,750.0,521.0,456.0,420.0,439.0,339.0,227.0,152.0,111.0,44.0,7476.0,402.0,268.0,198.0,218.0,381.0,851.0,992.0,938.0,669.0,537.0,511.0,458.0,519.0,375.0,258.0,170.0,101.0,91.0,7937.0,883.0,578.0,401.0,418.0,704.0,1581.0,1883.0,1817.0,1419.0,1058.0,967.0,878.0,958.0,714.0,485.0,322.0,212.0,135.0,15413.0
2011,Port Phillip,206051134.0,St Kilda East,484.0,274.0,215.0,214.0,728.0,1484.0,1276.0,923.0,702.0,539.0,392.0,344.0,291.0,187.0,119.0,100.0,83.0,83.0,8438.0,423.0,285.0,200.0,224.0,770.0,1479.0,1281.0,825.0,619.0,447.0,386.0,314.0,290.0,190.0,162.0,134.0,115.0,104.0,8248.0,907.0,559.0,415.0,438.0,1498.0,2963.0,2557.0,1748.0,1321.0,986.0,778.0,658.0,581.0,377.0,281.0,234.0,198.0,187.0,16686.0
2011,Port Phillip,206051511.0,Port Melbourne Industrial,2.0,0.0,0.0,1.0,0.0,4.0,8.0,3.0,4.0,7.0,6.0,4.0,2.0,3.0,1.0,1.0,1.0,0.0,47.0,2.0,1.0,0.0,0.0,0.0,1.0,2.0,4.0,5.0,3.0,1.0,0.0,0.0,1.0,2.0,0.0,1.0,1.0,24.0,4.0,1.0,0.0,1.0,0.0,5.0,10.0,7.0,9.0,10.0,7.0,4.0,2.0,4.0,3.0,1.0,2.0,1.0,71.0
2011,Port Phillip,206051512.0,South Melbourne,261.0,167.0,137.0,166.0,397.0,547.0,617.0,524.0,418.0,317.0,291.0,281.0,279.0,227.0,130.0,142.0,76.0,51.0,5028.0,281.0,171.0,122.0,165.0,419.0,607.0,674.0,529.0,401.0,333.0,298.0,321.0,299.0,185.0,174.0,128.0,101.0,104.0,5312.0,542.0,338.0,259.0,331.0,816.0,1154.0,1291.0,1053.0,819.0,650.0,589.0,602.0,578.0,412.0,304.0,270.0,177.0,155.0,10340.0
2011,Port Phillip,206051513.0,St Kilda - Central,191.0,122.0,75.0,128.0,516.0,1198.0,887.0,650.0,416.0,335.0,310.0,216.0,204.0,145.0,85.0,58.0,52.0,26.0,5614.0,181.0,110.0,73.0,86.0,582.0,1097.0,864.0,527.0,373.0,261.0,263.0,209.0,190.0,85.0,77.0,54.0,64.0,41.0,5137.0,372.0,232.0,148.0,214.0,1098.0,2295.0,1751.0,1177.0,789.0,596.0,573.0,425.0,394.0,230.0,162.0,112.0,116.0,67.0,10751.0
2011,Port Phillip,206051514.0,St Kilda - West,170.0,92.0,134.0,158.0,558.0,1180.0,1046.0,672.0,529.0,516.0,400.0,405.0,310.0,222.0,142.0,89.0,103.0,101.0,6827.0,193.0,138.0,106.0,142.0,665.0,1276.0,929.0,624.0,464.0,412.0,373.0,283.0,240.0,164.0,106.0,113.0,117.0,168.0,6513.0,363.0,230.0,240.0,300.0,1223.0,2456.0,1975.0,1296.0,993.0,928.0,773.0,688.0,550.0,386.0,248.0,202.0,220.0,269.0,13340.0
2012,Melbourne City,206041117.0,Carlton,252.0,182.0,139.0,698.0,2224.0,1392.0,725.0,433.0,293.0,193.0,182.0,188.0,181.0,157.0,102.0,73.0,63.0,23.0,7500.0,218.0,159.0,154.0,924.0,2617.0,1380.0,729.0,352.0,285.0,213.0,232.0,236.0,203.0,132.0,109.0,73.0,42.0,47.0,8105.0,470.0,341.0,293.0,1622.0,4841.0,2772.0,1454.0,785.0,578.0,406.0,414.0,424.0,384.0,289.0,211.0,146.0,105.0,70.0,15605.0
2012,Melbourne City,206041118.0,Docklands,130.0,46.0,30.0,134.0,483.0,752.0,603.0,321.0,211.0,188.0,193.0,163.0,144.0,121.0,50.0,26.0,8.0,1.0,3604.0,128.0,45.0,32.0,152.0,523.0,661.0,482.0,224.0,168.0,171.0,180.0,167.0,118.0,85.0,30.0,21.0,3.0,8.0,3198.0,258.0,91.0,62.0,286.0,1006.0,1413.0,1085.0,545.0,379.0,359.0,373.0,330.0,262.0,206.0,80.0,47.0,11.0,9.0,6802.0
2012,Melbourne City,206041119.0,East Melbourne,100.0,35.0,35.0,53.0,180.0,409.0,391.0,203.0,169.0,152.0,136.0,163.0,154.0,160.0,85.0,40.0,38.0,26.0,2529.0,106.0,33.0,33.0,53.0,248.0,471.0,375.0,220.0,144.0,147.0,150.0,170.0,181.0,158.0,68.0,58.0,58.0,78.0,2751.0,206.0,68.0,68.0,106.0,428.0,880.0,766.0,423.0,313.0,299.0,286.0,333.0,335.0,318.0,153.0,98.0,96.0,104.0,5280.0
2012,Melbourne City,206041120.0,Flemington Racecourse,0.0,0.0,3.0,0.0,13.0,5.0,5.0,3.0,0.0,0.0,5.0,0.0,5.0,0.0,1.0,0.0,0.0,0.0,40.0,0.0,0.0,0.0,0.0,9.0,12.0,18.0,1.0,3.0,3.0,1.0,0.0,0.0,0.0,0.0,0.0,0.0,0.0,47.0,0.0,0.0,3.0,0.0,22.0,17.0,23.0,4.0,3.0,3.0,6.0,0.0,5.0,0.0,1.0,0.0,0.0,0.0,87.0
2012,Melbourne City,206041121.0,Kensington (Vic.),367.0,225.0,164.0,152.0,495.0,746.0,737.0,538.0,447.0,286.0,265.0,223.0,156.0,123.0,82.0,67.0,37.0,23.0,5133.0,350.0,209.0,150.0,178.0,533.0,890.0,771.0,543.0,397.0,282.0,225.0,224.0,184.0,130.0,92.0,71.0,53.0,72.0,5354.0,717.0,434.0,314.0,330.0,1028.0,1636.0,1508.0,1081.0,844.0,568.0,490.0,447.0,340.0,253.0,174.0,138.0,90.0,95.0,10487.0
2012,Melbourne City,206041124.0,Parkville,88.0,59.0,49.0,522.0,855.0,400.0,268.0,155.0,122.0,113.0,108.0,102.0,100.0,109.0,69.0,45.0,48.0,54.0,3266.0,99.0,61.0,68.0,642.0,939.0,437.0,244.0,145.0,107.0,117.0,104.0,111.0,102.0,122.0,55.0,61.0,69.0,123.0,3606.0,187.0,120.0,117.0,1164.0,1794.0,837.0,512.0,300.0,229.0,230.0,212.0,213.0,202.0,231.0,124.0,106.0,117.0,177.0,6872.0
2012,Melbourne City,206041125.0,South Yarra - West,125.0,75.0,82.0,135.0,239.0,440.0,412.0,261.0,229.0,160.0,130.0,171.0,153.0,176.0,121.0,80.0,62.0,55.0,3106.0,117.0,70.0,79.0,148.0,331.0,512.0,403.0,221.0,211.0,147.0,161.0,148.0,170.0,178.0,98.0,94.0,74.0,132.0,3294.0,242.0,145.0,161.0,283.0,570.0,952.0,815.0,482.0,440.0,307.0,291.0,319.0,323.0,354.0,219.0,174.0,136.0,187.0,6400.0
2012,Melbourne City,206041127.0,West Melbourne - Industrial,0.0,0.0,0.0,0.0,0.0,0.0,0.0,0.0,0.0,0.0,0.0,0.0,0.0,0.0,0.0,0.0,0.0,0.0,0.0,0.0,0.0,0.0,0.0,0.0,0.0,0.0,0.0,0.0,0.0,0.0,0.0,0.0,0.0,0.0,0.0,0.0,0.0,0.0,0.0,0.0,0.0,0.0,0.0,0.0,0.0,0.0,0.0,0.0,0.0,0.0,0.0,0.0,0.0,0.0,0.0,0.0,0.0
2012,Melbourne City,206041503.0,Melbourne CBD - East,111.0,34.0,14.0,261.0,1097.0,948.0,584.0,306.0,212.0,155.0,149.0,112.0,120.0,108.0,64.0,25.0,33.0,16.0,4349.0,80.0,40.0,38.0,277.0,1117.0,852.0,506.0,235.0,156.0,154.0,120.0,158.0,113.0,75.0,39.0,24.0,20.0,21.0,4025.0,191.0,74.0,52.0,538.0,2214.0,1800.0,1090.0,541.0,368.0,309.0,269.0,270.0,233.0,183.0,103.0,49.0,53.0,37.0,8374.0
2012,Melbourne City,206041504.0,Melbourne CBD - North,56.0,32.0,31.0,385.0,1315.0,897.0,435.0,212.0,104.0,80.0,71.0,69.0,69.0,40.0,19.0,9.0,5.0,9.0,3838.0,68.0,29.0,22.0,532.0,1576.0,910.0,373.0,124.0,90.0,70.0,62.0,68.0,58.0,22.0,15.0,8.0,12.0,3.0,4042.0,124.0,61.0,53.0,917.0,2891.0,1807.0,808.0,336.0,194.0,150.0,133.0,137.0,127.0,62.0,34.0,17.0,17.0,12.0,7880.0
2012,Melbourne City,206041505.0,Melbourne CBD - West,94.0,20.0,35.0,260.0,1128.0,1157.0,705.0,301.0,189.0,139.0,120.0,118.0,80.0,33.0,17.0,18.0,3.0,4.0,4421.0,94.0,12.0,16.0,306.0,1227.0,1123.0,547.0,263.0,167.0,126.0,106.0,72.0,62.0,48.0,14.0,8.0,7.0,9.0,4207.0,188.0,32.0,51.0,566.0,2355.0,2280.0,1252.0,564.0,356.0,265.0,226.0,190.0,142.0,81.0,31.0,26.0,10.0,13.0,8628.0
2012,Melbourne City,206041506.0,North Melbourne,292.0,231.0,221.0,401.0,1105.0,1208.0,822.0,507.0,349.0,327.0,279.0,262.0,210.0,153.0,112.0,95.0,62.0,37.0,6673.0,253.0,199.0,203.0,424.0,1222.0,1215.0,766.0,437.0,368.0,333.0,253.0,271.0,207.0,138.0,135.0,88.0,66.0,70.0,6648.0,545.0,430.0,424.0,825.0,2327.0,2423.0,1588.0,944.0,717.0,660.0,532.0,533.0,417.0,291.0,247.0,183.0,128.0,107.0,13321.0
2012,Melbourne City,206041507.0,Royal Botanic Gardens Victoria,0.0,0.0,0.0,0.0,0.0,0.0,0.0,0.0,0.0,0.0,0.0,0.0,0.0,0.0,0.0,0.0,0.0,0.0,0.0,0.0,0.0,0.0,0.0,0.0,0.0,0.0,0.0,0.0,0.0,0.0,0.0,0.0,0.0,0.0,0.0,0.0,0.0,0.0,0.0,0.0,0.0,0.0,0.0,0.0,0.0,0.0,0.0,0.0,0.0,0.0,0.0,0.0,0.0,0.0,0.0,0.0,0.0
2012,Melbourne City,206041508.0,Southbank (West) - South Wharf,87.0,35.0,28.0,121.0,486.0,571.0,403.0,256.0,186.0,127.0,142.0,133.0,109.0,64.0,36.0,25.0,11.0,4.0,2824.0,80.0,26.0,34.0,144.0,509.0,481.0,321.0,169.0,149.0,128.0,139.0,129.0,80.0,63.0,39.0,16.0,17.0,2.0,2526.0,167.0,61.0,62.0,265.0,995.0,1052.0,724.0,425.0,335.0,255.0,281.0,262.0,189.0,127.0,75.0,41.0,28.0,6.0,5350.0
2012,Melbourne City,206041509.0,Southbank - East,137.0,28.0,33.0,161.0,749.0,1094.0,764.0,387.0,231.0,168.0,127.0,87.0,126.0,99.0,66.0,23.0,20.0,8.0,4308.0,114.0,38.0,45.0,189.0,822.0,1027.0,680.0,300.0,164.0,150.0,139.0,122.0,135.0,78.0,47.0,17.0,14.0,7.0,4088.0,251.0,66.0,78.0,350.0,1571.0,2121.0,1444.0,687.0,395.0,318.0,266.0,209.0,261.0,177.0,113.0,40.0,34.0,15.0,8396.0
2012,Melbourne City,206041510.0,West Melbourne - Residential,62.0,38.0,41.0,87.0,377.0,506.0,380.0,225.0,190.0,115.0,93.0,52.0,57.0,41.0,14.0,12.0,15.0,5.0,2310.0,89.0,42.0,25.0,76.0,346.0,386.0,228.0,139.0,104.0,86.0,70.0,42.0,49.0,42.0,26.0,9.0,20.0,2.0,1781.0,151.0,80.0,66.0,163.0,723.0,892.0,608.0,364.0,294.0,201.0,163.0,94.0,106.0,83.0,40.0,21.0,35.0,7.0,4091.0
2012,Port Phillip,206051128.0,Albert Park,427.0,325.0,249.0,216.0,474.0,720.0,805.0,674.0,651.0,508.0,475.0,446.0,427.0,398.0,267.0,177.0,112.0,110.0,7461.0,428.0,318.0,249.0,266.0,568.0,794.0,764.0,704.0,641.0,499.0,476.0,442.0,438.0,408.0,259.0,160.0,143.0,124.0,7681.0,855.0,643.0,498.0,482.0,1042.0,1514.0,1569.0,1378.0,1292.0,1007.0,951.0,888.0,865.0,806.0,526.0,337.0,255.0,234.0,15142.0
2012,Port Phillip,206051129.0,Elwood,450.0,348.0,236.0,228.0,421.0,1005.0,1147.0,891.0,746.0,546.0,480.0,342.0,299.0,177.0,134.0,90.0,57.0,51.0,7648.0,468.0,315.0,232.0,223.0,514.0,1225.0,1213.0,939.0,803.0,537.0,475.0,370.0,264.0,199.0,120.0,110.0,65.0,87.0,8159.0,918.0,663.0,468.0,451.0,935.0,2230.0,2360.0,1830.0,1549.0,1083.0,955.0,712.0,563.0,376.0,254.0,200.0,122.0,138.0,15807.0
2012,Port Phillip,206051130.0,Port Melbourne,487.0,347.0,235.0,208.0,329.0,734.0,889.0,844.0,784.0,545.0,518.0,432.0,436.0,370.0,256.0,146.0,110.0,60.0,7730.0,437.0,292.0,214.0,213.0,405.0,820.0,998.0,936.0,760.0,545.0,542.0,497.0,495.0,412.0,272.0,188.0,106.0,102.0,8234.0,924.0,639.0,449.0,421.0,734.0,1554.0,1887.0,1780.0,1544.0,1090.0,1060.0,929.0,931.0,782.0,528.0,334.0,216.0,162.0,15964.0
2012,Port Phillip,206051134.0,St Kilda East,516.0,296.0,224.0,226.0,702.0,1443.0,1267.0,918.0,692.0,539.0,408.0,362.0,274.0,209.0,122.0,101.0,77.0,87.0,8463.0,470.0,275.0,219.0,228.0,752.0,1476.0,1258.0,817.0,647.0,436.0,395.0,317.0,274.0,206.0,159.0,136.0,110.0,117.0,8292.0,986.0,571.0,443.0,454.0,1454.0,2919.0,2525.0,1735.0,1339.0,975.0,803.0,679.0,548.0,415.0,281.0,237.0,187.0,204.0,16755.0
2012,Port Phillip,206051511.0,Port Melbourne Industrial,4.0,0.0,0.0,3.0,0.0,4.0,7.0,4.0,6.0,5.0,6.0,3.0,3.0,3.0,1.0,3.0,1.0,0.0,53.0,1.0,2.0,0.0,0.0,5.0,1.0,2.0,2.0,5.0,2.0,1.0,1.0,0.0,0.0,2.0,0.0,1.0,1.0,26.0,5.0,2.0,0.0,3.0,5.0,5.0,9.0,6.0,11.0,7.0,7.0,4.0,3.0,3.0,3.0,3.0,2.0,1.0,79.0
2012,Port Phillip,206051512.0,South Melbourne,296.0,178.0,148.0,183.0,399.0,600.0,639.0,537.0,444.0,359.0,305.0,280.0,277.0,238.0,145.0,147.0,80.0,63.0,5318.0,294.0,192.0,132.0,194.0,431.0,616.0,691.0,555.0,439.0,368.0,295.0,343.0,298.0,226.0,171.0,143.0,104.0,117.0,5609.0,590.0,370.0,280.0,377.0,830.0,1216.0,1330.0,1092.0,883.0,727.0,600.0,623.0,575.0,464.0,316.0,290.0,184.0,180.0,10927.0
2012,Port Phillip,206051513.0,St Kilda - Central,216.0,124.0,99.0,122.0,526.0,1214.0,934.0,650.0,497.0,333.0,336.0,221.0,231.0,151.0,88.0,58.0,42.0,32.0,5874.0,182.0,113.0,89.0,94.0,583.0,1150.0,928.0,557.0,419.0,296.0,280.0,230.0,180.0,115.0,69.0,67.0,50.0,47.0,5449.0,398.0,237.0,188.0,216.0,1109.0,2364.0,1862.0,1207.0,916.0,629.0,616.0,451.0,411.0,266.0,157.0,125.0,92.0,79.0,11323.0
2012,Port Phillip,206051514.0,St Kilda - West,185.0,124.0,129.0,164.0,548.0,1160.0,1095.0,713.0,545.0,538.0,451.0,394.0,311.0,265.0,157.0,102.0,102.0,102.0,7085.0,234.0,155.0,99.0,161.0,684.0,1265.0,961.0,636.0,508.0,419.0,410.0,304.0,269.0,189.0,130.0,104.0,117.0,180.0,6825.0,419.0,279.0,228.0,325.0,1232.0,2425.0,2056.0,1349.0,1053.0,957.0,861.0,698.0,580.0,454.0,287.0,206.0,219.0,282.0,13910.0
2013,Melbourne City,206041117.0,Carlton,270.0,180.0,154.0,807.0,2325.0,1450.0,771.0,428.0,333.0,210.0,211.0,192.0,179.0,176.0,108.0,83.0,58.0,37.0,7972.0,226.0,166.0,164.0,1105.0,2796.0,1451.0,772.0,384.0,295.0,233.0,246.0,236.0,213.0,160.0,105.0,89.0,48.0,58.0,8747.0,496.0,346.0,318.0,1912.0,5121.0,2901.0,1543.0,812.0,628.0,443.0,457.0,428.0,392.0,336.0,213.0,172.0,106.0,95.0,16719.0
2013,Melbourne City,206041118.0,Docklands,170.0,51.0,31.0,152.0,559.0,889.0,709.0,381.0,248.0,200.0,223.0,187.0,156.0,136.0,62.0,31.0,10.0,5.0,4200.0,160.0,54.0,36.0,182.0,611.0,798.0,575.0,281.0,192.0,199.0,200.0,188.0,140.0,102.0,37.0,19.0,7.0,7.0,3788.0,330.0,105.0,67.0,334.0,1170.0,1687.0,1284.0,662.0,440.0,399.0,423.0,375.0,296.0,238.0,99.0,50.0,17.0,12.0,7988.0
2013,Melbourne City,206041119.0,East Melbourne,108.0,37.0,39.0,51.0,179.0,400.0,375.0,201.0,182.0,138.0,157.0,160.0,160.0,165.0,85.0,47.0,42.0,31.0,2557.0,100.0,46.0,36.0,53.0,238.0,456.0,380.0,225.0,154.0,151.0,150.0,167.0,178.0,166.0,83.0,53.0,59.0,81.0,2776.0,208.0,83.0,75.0,104.0,417.0,856.0,755.0,426.0,336.0,289.0,307.0,327.0,338.0,331.0,168.0,100.0,101.0,112.0,5333.0
2013,Melbourne City,206041120.0,Flemington Racecourse,0.0,0.0,3.0,0.0,7.0,9.0,4.0,5.0,2.0,0.0,5.0,0.0,4.0,0.0,1.0,0.0,0.0,0.0,40.0,0.0,0.0,0.0,0.0,5.0,15.0,17.0,4.0,2.0,2.0,3.0,0.0,0.0,0.0,0.0,0.0,0.0,0.0,48.0,0.0,0.0,3.0,0.0,12.0,24.0,21.0,9.0,4.0,2.0,8.0,0.0,4.0,0.0,1.0,0.0,0.0,0.0,88.0
2013,Melbourne City,206041121.0,Kensington (Vic.),377.0,247.0,170.0,148.0,484.0,759.0,748.0,553.0,446.0,306.0,264.0,237.0,160.0,134.0,96.0,66.0,44.0,24.0,5263.0,371.0,219.0,147.0,188.0,508.0,873.0,829.0,546.0,422.0,295.0,236.0,230.0,197.0,144.0,95.0,77.0,54.0,68.0,5499.0,748.0,466.0,317.0,336.0,992.0,1632.0,1577.0,1099.0,868.0,601.0,500.0,467.0,357.0,278.0,191.0,143.0,98.0,92.0,10762.0
2013,Melbourne City,206041124.0,Parkville,102.0,55.0,58.0,527.0,864.0,443.0,294.0,160.0,124.0,112.0,115.0,104.0,97.0,109.0,72.0,54.0,47.0,58.0,3395.0,118.0,61.0,61.0,673.0,940.0,474.0,264.0,161.0,97.0,118.0,114.0,118.0,98.0,123.0,69.0,61.0,81.0,148.0,3779.0,220.0,116.0,119.0,1200.0,1804.0,917.0,558.0,321.0,221.0,230.0,229.0,222.0,195.0,232.0,141.0,115.0,128.0,206.0,7174.0
2013,Melbourne City,206041125.0,South Yarra - West,119.0,84.0,84.0,135.0,231.0,427.0,409.0,248.0,214.0,171.0,139.0,159.0,156.0,180.0,121.0,75.0,70.0,59.0,3081.0,126.0,69.0,83.0,136.0,319.0,511.0,411.0,225.0,204.0,153.0,157.0,161.0,157.0,200.0,101.0,96.0,75.0,128.0,3312.0,245.0,153.0,167.0,271.0,550.0,938.0,820.0,473.0,418.0,324.0,296.0,320.0,313.0,380.0,222.0,171.0,145.0,187.0,6393.0
2013,Melbourne City,206041127.0,West Melbourne - Industrial,0.0,0.0,0.0,0.0,0.0,0.0,0.0,0.0,0.0,0.0,0.0,0.0,0.0,0.0,0.0,0.0,0.0,0.0,0.0,0.0,0.0,0.0,0.0,0.0,0.0,0.0,0.0,0.0,0.0,0.0,0.0,0.0,0.0,0.0,0.0,0.0,0.0,0.0,0.0,0.0,0.0,0.0,0.0,0.0,0.0,0.0,0.0,0.0,0.0,0.0,0.0,0.0,0.0,0.0,0.0,0.0,0.0
2013,Melbourne City,206041503.0,Melbourne CBD - East,118.0,48.0,24.0,290.0,1217.0,1042.0,661.0,368.0,248.0,186.0,170.0,142.0,143.0,134.0,87.0,36.0,34.0,18.0,4966.0,90.0,50.0,38.0,333.0,1263.0,986.0,582.0,288.0,180.0,182.0,150.0,178.0,156.0,73.0,58.0,30.0,20.0,23.0,4680.0,208.0,98.0,62.0,623.0,2480.0,2028.0,1243.0,656.0,428.0,368.0,320.0,320.0,299.0,207.0,145.0,66.0,54.0,41.0,9646.0
2013,Melbourne City,206041504.0,Melbourne CBD - North,70.0,31.0,46.0,509.0,1599.0,1046.0,531.0,255.0,128.0,78.0,80.0,75.0,72.0,60.0,14.0,7.0,8.0,12.0,4621.0,86.0,35.0,31.0,704.0,1938.0,1056.0,470.0,187.0,105.0,89.0,67.0,70.0,58.0,29.0,18.0,12.0,6.0,9.0,4970.0,156.0,66.0,77.0,1213.0,3537.0,2102.0,1001.0,442.0,233.0,167.0,147.0,145.0,130.0,89.0,32.0,19.0,14.0,21.0,9591.0
2013,Melbourne City,206041505.0,Melbourne CBD - West,129.0,29.0,22.0,318.0,1342.0,1394.0,873.0,351.0,187.0,174.0,125.0,139.0,97.0,39.0,21.0,17.0,6.0,7.0,5270.0,113.0,29.0,22.0,387.0,1476.0,1371.0,690.0,290.0,204.0,132.0,142.0,103.0,69.0,65.0,24.0,11.0,10.0,5.0,5143.0,242.0,58.0,44.0,705.0,2818.0,2765.0,1563.0,641.0,391.0,306.0,267.0,242.0,166.0,104.0,45.0,28.0,16.0,12.0,10413.0
2013,Melbourne City,206041506.0,North Melbourne,327.0,246.0,237.0,433.0,1180.0,1275.0,847.0,541.0,371.0,327.0,298.0,255.0,223.0,162.0,132.0,83.0,67.0,41.0,7045.0,272.0,237.0,188.0,493.0,1362.0,1278.0,801.0,462.0,391.0,346.0,267.0,293.0,209.0,140.0,153.0,99.0,68.0,71.0,7130.0,599.0,483.0,425.0,926.0,2542.0,2553.0,1648.0,1003.0,762.0,673.0,565.0,548.0,432.0,302.0,285.0,182.0,135.0,112.0,14175.0
2013,Melbourne City,206041507.0,Royal Botanic Gardens Victoria,0.0,0.0,0.0,0.0,0.0,0.0,0.0,0.0,0.0,0.0,0.0,0.0,0.0,0.0,0.0,0.0,0.0,0.0,0.0,0.0,0.0,0.0,0.0,0.0,0.0,0.0,0.0,0.0,0.0,0.0,0.0,0.0,0.0,0.0,0.0,0.0,0.0,0.0,0.0,0.0,0.0,0.0,0.0,0.0,0.0,0.0,0.0,0.0,0.0,0.0,0.0,0.0,0.0,0.0,0.0,0.0,0.0
2013,Melbourne City,206041508.0,Southbank (West) - South Wharf,95.0,42.0,29.0,120.0,488.0,622.0,486.0,317.0,203.0,147.0,173.0,150.0,101.0,94.0,41.0,25.0,14.0,8.0,3155.0,96.0,34.0,35.0,149.0,562.0,570.0,395.0,199.0,171.0,131.0,173.0,142.0,105.0,79.0,47.0,23.0,17.0,8.0,2936.0,191.0,76.0,64.0,269.0,1050.0,1192.0,881.0,516.0,374.0,278.0,346.0,292.0,206.0,173.0,88.0,48.0,31.0,16.0,6091.0
2013,Melbourne City,206041509.0,Southbank - East,173.0,37.0,42.0,198.0,877.0,1240.0,903.0,445.0,283.0,207.0,140.0,114.0,146.0,114.0,59.0,39.0,20.0,9.0,5046.0,142.0,42.0,52.0,244.0,937.0,1171.0,832.0,368.0,196.0,189.0,162.0,148.0,141.0,106.0,50.0,24.0,12.0,11.0,4827.0,315.0,79.0,94.0,442.0,1814.0,2411.0,1735.0,813.0,479.0,396.0,302.0,262.0,287.0,220.0,109.0,63.0,32.0,20.0,9873.0
2013,Melbourne City,206041510.0,West Melbourne - Residential,53.0,52.0,43.0,92.0,403.0,559.0,423.0,232.0,199.0,134.0,97.0,58.0,55.0,48.0,18.0,11.0,14.0,4.0,2495.0,100.0,31.0,35.0,79.0,381.0,429.0,275.0,161.0,111.0,99.0,68.0,46.0,54.0,47.0,21.0,4.0,22.0,3.0,1966.0,153.0,83.0,78.0,171.0,784.0,988.0,698.0,393.0,310.0,233.0,165.0,104.0,109.0,95.0,39.0,15.0,36.0,7.0,4461.0
2013,Port Phillip,206051128.0,Albert Park,436.0,351.0,250.0,243.0,435.0,721.0,786.0,684.0,621.0,527.0,476.0,460.0,425.0,412.0,290.0,179.0,116.0,115.0,7527.0,435.0,325.0,274.0,276.0,542.0,767.0,774.0,672.0,667.0,524.0,481.0,437.0,443.0,436.0,262.0,173.0,131.0,136.0,7755.0,871.0,676.0,524.0,519.0,977.0,1488.0,1560.0,1356.0,1288.0,1051.0,957.0,897.0,868.0,848.0,552.0,352.0,247.0,251.0,15282.0
2013,Port Phillip,206051129.0,Elwood,452.0,358.0,264.0,218.0,416.0,966.0,1118.0,892.0,741.0,552.0,496.0,363.0,299.0,209.0,137.0,87.0,59.0,51.0,7678.0,483.0,328.0,224.0,243.0,507.0,1173.0,1228.0,927.0,807.0,564.0,485.0,391.0,269.0,225.0,117.0,107.0,69.0,85.0,8232.0,935.0,686.0,488.0,461.0,923.0,2139.0,2346.0,1819.0,1548.0,1116.0,981.0,754.0,568.0,434.0,254.0,194.0,128.0,136.0,15910.0
2013,Port Phillip,206051130.0,Port Melbourne,511.0,360.0,253.0,221.0,335.0,753.0,886.0,832.0,791.0,596.0,553.0,450.0,452.0,384.0,254.0,160.0,117.0,67.0,7975.0,462.0,319.0,231.0,227.0,414.0,814.0,1009.0,918.0,830.0,562.0,574.0,516.0,504.0,447.0,267.0,211.0,110.0,108.0,8523.0,973.0,679.0,484.0,448.0,749.0,1567.0,1895.0,1750.0,1621.0,1158.0,1127.0,966.0,956.0,831.0,521.0,371.0,227.0,175.0,16498.0
2013,Port Phillip,206051134.0,St Kilda East,544.0,313.0,226.0,239.0,680.0,1421.0,1262.0,898.0,721.0,543.0,418.0,362.0,278.0,230.0,124.0,108.0,74.0,80.0,8521.0,492.0,295.0,241.0,235.0,742.0,1473.0,1243.0,823.0,658.0,459.0,399.0,317.0,274.0,234.0,153.0,134.0,101.0,118.0,8391.0,1036.0,608.0,467.0,474.0,1422.0,2894.0,2505.0,1721.0,1379.0,1002.0,817.0,679.0,552.0,464.0,277.0,242.0,175.0,198.0,16912.0
2013,Port Phillip,206051511.0,Port Melbourne Industrial,3.0,0.0,0.0,2.0,2.0,8.0,6.0,8.0,8.0,3.0,2.0,6.0,3.0,1.0,4.0,1.0,2.0,0.0,59.0,1.0,1.0,0.0,0.0,4.0,4.0,1.0,3.0,7.0,2.0,0.0,1.0,0.0,0.0,2.0,2.0,1.0,0.0,29.0,4.0,1.0,0.0,2.0,6.0,12.0,7.0,11.0,15.0,5.0,2.0,7.0,3.0,1.0,6.0,3.0,3.0,0.0,88.0
2013,Port Phillip,206051512.0,South Melbourne,313.0,192.0,158.0,182.0,399.0,660.0,655.0,547.0,477.0,380.0,323.0,301.0,274.0,264.0,152.0,141.0,89.0,74.0,5581.0,299.0,203.0,156.0,202.0,444.0,653.0,714.0,562.0,472.0,383.0,318.0,338.0,305.0,258.0,164.0,150.0,121.0,129.0,5871.0,612.0,395.0,314.0,384.0,843.0,1313.0,1369.0,1109.0,949.0,763.0,641.0,639.0,579.0,522.0,316.0,291.0,210.0,203.0,11452.0
2013,Port Phillip,206051513.0,St Kilda - Central,229.0,131.0,105.0,124.0,506.0,1234.0,985.0,653.0,535.0,333.0,366.0,232.0,233.0,166.0,102.0,67.0,39.0,34.0,6074.0,206.0,110.0,99.0,106.0,592.0,1174.0,953.0,595.0,450.0,313.0,292.0,240.0,200.0,136.0,65.0,78.0,49.0,66.0,5724.0,435.0,241.0,204.0,230.0,1098.0,2408.0,1938.0,1248.0,985.0,646.0,658.0,472.0,433.0,302.0,167.0,145.0,88.0,100.0,11798.0
2013,Port Phillip,206051514.0,St Kilda - West,198.0,141.0,123.0,170.0,562.0,1122.0,1119.0,740.0,548.0,535.0,506.0,392.0,338.0,270.0,167.0,109.0,100.0,102.0,7242.0,243.0,179.0,96.0,169.0,684.0,1236.0,1010.0,630.0,529.0,439.0,419.0,339.0,268.0,219.0,140.0,96.0,116.0,175.0,6987.0,441.0,320.0,219.0,339.0,1246.0,2358.0,2129.0,1370.0,1077.0,974.0,925.0,731.0,606.0,489.0,307.0,205.0,216.0,277.0,14229.0
2014,Melbourne City,206041117.0,Carlton,259.0,196.0,171.0,924.0,2450.0,1504.0,807.0,450.0,339.0,222.0,232.0,209.0,177.0,184.0,116.0,88.0,67.0,43.0,8438.0,232.0,187.0,154.0,1288.0,2994.0,1527.0,812.0,409.0,320.0,243.0,256.0,239.0,221.0,186.0,107.0,98.0,61.0,71.0,9405.0,491.0,383.0,325.0,2212.0,5444.0,3031.0,1619.0,859.0,659.0,465.0,488.0,448.0,398.0,370.0,223.0,186.0,128.0,114.0,17843.0
2014,Melbourne City,206041118.0,Docklands,213.0,57.0,39.0,175.0,637.0,1017.0,815.0,436.0,275.0,221.0,250.0,208.0,173.0,150.0,71.0,37.0,14.0,8.0,4796.0,204.0,61.0,39.0,213.0,699.0,931.0,662.0,327.0,230.0,212.0,229.0,203.0,155.0,122.0,44.0,29.0,10.0,4.0,4374.0,417.0,118.0,78.0,388.0,1336.0,1948.0,1477.0,763.0,505.0,433.0,479.0,411.0,328.0,272.0,115.0,66.0,24.0,12.0,9170.0
2014,Melbourne City,206041119.0,East Melbourne,108.0,43.0,35.0,49.0,180.0,392.0,363.0,218.0,164.0,147.0,156.0,162.0,166.0,164.0,91.0,55.0,41.0,35.0,2569.0,99.0,50.0,35.0,51.0,229.0,451.0,387.0,226.0,157.0,151.0,160.0,170.0,188.0,155.0,99.0,59.0,55.0,83.0,2805.0,207.0,93.0,70.0,100.0,409.0,843.0,750.0,444.0,321.0,298.0,316.0,332.0,354.0,319.0,190.0,114.0,96.0,118.0,5374.0
2014,Melbourne City,206041120.0,Flemington Racecourse,0.0,0.0,0.0,3.0,7.0,9.0,6.0,7.0,4.0,0.0,4.0,0.0,2.0,0.0,0.0,0.0,0.0,0.0,42.0,0.0,0.0,0.0,0.0,3.0,11.0,16.0,7.0,4.0,1.0,5.0,0.0,0.0,0.0,0.0,0.0,0.0,0.0,47.0,0.0,0.0,0.0,3.0,10.0,20.0,22.0,14.0,8.0,1.0,9.0,0.0,2.0,0.0,0.0,0.0,0.0,0.0,89.0
2014,Melbourne City,206041121.0,Kensington (Vic.),379.0,265.0,180.0,143.0,479.0,782.0,757.0,565.0,430.0,336.0,255.0,248.0,176.0,143.0,104.0,67.0,45.0,32.0,5386.0,382.0,226.0,149.0,200.0,489.0,868.0,869.0,558.0,435.0,310.0,260.0,233.0,203.0,161.0,96.0,80.0,56.0,69.0,5644.0,761.0,491.0,329.0,343.0,968.0,1650.0,1626.0,1123.0,865.0,646.0,515.0,481.0,379.0,304.0,200.0,147.0,101.0,101.0,11030.0
2014,Melbourne City,206041124.0,Parkville,104.0,61.0,55.0,537.0,883.0,486.0,323.0,162.0,121.0,110.0,118.0,96.0,114.0,103.0,79.0,58.0,44.0,66.0,3520.0,130.0,60.0,61.0,700.0,943.0,508.0,289.0,152.0,105.0,108.0,122.0,109.0,116.0,119.0,78.0,60.0,89.0,178.0,3927.0,234.0,121.0,116.0,1237.0,1826.0,994.0,612.0,314.0,226.0,218.0,240.0,205.0,230.0,222.0,157.0,118.0,133.0,244.0,7447.0
2014,Melbourne City,206041125.0,South Yarra - West,116.0,83.0,88.0,120.0,230.0,419.0,413.0,239.0,201.0,165.0,155.0,151.0,152.0,190.0,127.0,83.0,62.0,72.0,3066.0,125.0,71.0,87.0,138.0,303.0,509.0,416.0,224.0,202.0,162.0,153.0,175.0,147.0,203.0,114.0,86.0,81.0,135.0,3331.0,241.0,154.0,175.0,258.0,533.0,928.0,829.0,463.0,403.0,327.0,308.0,326.0,299.0,393.0,241.0,169.0,143.0,207.0,6397.0
2014,Melbourne City,206041127.0,West Melbourne - Industrial,0.0,0.0,0.0,0.0,0.0,0.0,0.0,0.0,0.0,0.0,0.0,0.0,0.0,0.0,0.0,0.0,0.0,0.0,0.0,0.0,0.0,0.0,0.0,0.0,0.0,0.0,0.0,0.0,0.0,0.0,0.0,0.0,0.0,0.0,0.0,0.0,0.0,0.0,0.0,0.0,0.0,0.0,0.0,0.0,0.0,0.0,0.0,0.0,0.0,0.0,0.0,0.0,0.0,0.0,0.0,0.0,0.0
2014,Melbourne City,206041503.0,Melbourne CBD - East,119.0,59.0,29.0,320.0,1288.0,1107.0,721.0,414.0,267.0,187.0,183.0,173.0,161.0,131.0,108.0,55.0,33.0,19.0,5374.0,102.0,58.0,42.0,354.0,1355.0,1068.0,631.0,313.0,207.0,189.0,180.0,180.0,167.0,99.0,61.0,35.0,19.0,21.0,5081.0,221.0,117.0,71.0,674.0,2643.0,2175.0,1352.0,727.0,474.0,376.0,363.0,353.0,328.0,230.0,169.0,90.0,52.0,40.0,10455.0
2014,Melbourne City,206041504.0,Melbourne CBD - North,85.0,31.0,44.0,632.0,1899.0,1184.0,613.0,289.0,149.0,89.0,83.0,65.0,76.0,78.0,27.0,8.0,6.0,14.0,5372.0,96.0,41.0,28.0,897.0,2300.0,1223.0,566.0,212.0,130.0,101.0,80.0,74.0,69.0,47.0,21.0,16.0,9.0,15.0,5925.0,181.0,72.0,72.0,1529.0,4199.0,2407.0,1179.0,501.0,279.0,190.0,163.0,139.0,145.0,125.0,48.0,24.0,15.0,29.0,11297.0
2014,Melbourne City,206041505.0,Melbourne CBD - West,145.0,56.0,22.0,355.0,1515.0,1575.0,998.0,396.0,206.0,194.0,146.0,156.0,105.0,56.0,21.0,12.0,6.0,6.0,5970.0,138.0,48.0,27.0,441.0,1671.0,1559.0,807.0,347.0,212.0,183.0,150.0,126.0,75.0,65.0,30.0,10.0,10.0,5.0,5904.0,283.0,104.0,49.0,796.0,3186.0,3134.0,1805.0,743.0,418.0,377.0,296.0,282.0,180.0,121.0,51.0,22.0,16.0,11.0,11874.0
2014,Melbourne City,206041506.0,North Melbourne,338.0,265.0,250.0,455.0,1256.0,1311.0,854.0,567.0,381.0,324.0,309.0,266.0,228.0,178.0,140.0,87.0,61.0,36.0,7306.0,278.0,260.0,191.0,554.0,1485.0,1318.0,825.0,482.0,421.0,349.0,282.0,285.0,233.0,150.0,151.0,103.0,70.0,66.0,7503.0,616.0,525.0,441.0,1009.0,2741.0,2629.0,1679.0,1049.0,802.0,673.0,591.0,551.0,461.0,328.0,291.0,190.0,131.0,102.0,14809.0
2014,Melbourne City,206041507.0,Royal Botanic Gardens Victoria,0.0,0.0,0.0,0.0,0.0,0.0,0.0,0.0,0.0,0.0,0.0,0.0,0.0,0.0,0.0,0.0,0.0,0.0,0.0,0.0,0.0,0.0,0.0,0.0,0.0,0.0,0.0,0.0,0.0,0.0,0.0,0.0,0.0,0.0,0.0,0.0,0.0,0.0,0.0,0.0,0.0,0.0,0.0,0.0,0.0,0.0,0.0,0.0,0.0,0.0,0.0,0.0,0.0,0.0,0.0,0.0,0.0
2014,Melbourne City,206041508.0,Southbank (West) - South Wharf,106.0,46.0,28.0,115.0,467.0,648.0,534.0,333.0,218.0,158.0,190.0,157.0,111.0,101.0,47.0,41.0,15.0,12.0,3327.0,104.0,37.0,31.0,157.0,560.0,609.0,449.0,223.0,180.0,137.0,187.0,152.0,110.0,86.0,43.0,36.0,16.0,9.0,3126.0,210.0,83.0,59.0,272.0,1027.0,1257.0,983.0,556.0,398.0,295.0,377.0,309.0,221.0,187.0,90.0,77.0,31.0,21.0,6453.0
2014,Melbourne City,206041509.0,Southbank - East,188.0,46.0,40.0,225.0,985.0,1331.0,1009.0,515.0,299.0,218.0,164.0,127.0,144.0,114.0,70.0,36.0,26.0,9.0,5546.0,164.0,53.0,54.0,278.0,1035.0,1285.0,942.0,415.0,216.0,194.0,170.0,166.0,147.0,129.0,59.0,18.0,18.0,13.0,5356.0,352.0,99.0,94.0,503.0,2020.0,2616.0,1951.0,930.0,515.0,412.0,334.0,293.0,291.0,243.0,129.0,54.0,44.0,22.0,10902.0
2014,Melbourne City,206041510.0,West Melbourne - Residential,56.0,45.0,41.0,105.0,428.0,624.0,461.0,236.0,207.0,148.0,105.0,62.0,57.0,47.0,20.0,14.0,15.0,11.0,2682.0,110.0,39.0,34.0,87.0,418.0,478.0,311.0,175.0,117.0,93.0,82.0,52.0,62.0,41.0,24.0,5.0,16.0,9.0,2153.0,166.0,84.0,75.0,192.0,846.0,1102.0,772.0,411.0,324.0,241.0,187.0,114.0,119.0,88.0,44.0,19.0,31.0,20.0,4835.0
2014,Port Phillip,206051128.0,Albert Park,445.0,365.0,275.0,252.0,423.0,727.0,778.0,674.0,619.0,542.0,503.0,469.0,432.0,414.0,327.0,189.0,125.0,113.0,7672.0,443.0,339.0,299.0,273.0,523.0,770.0,810.0,640.0,668.0,574.0,500.0,448.0,458.0,426.0,297.0,183.0,133.0,136.0,7920.0,888.0,704.0,574.0,525.0,946.0,1497.0,1588.0,1314.0,1287.0,1116.0,1003.0,917.0,890.0,840.0,624.0,372.0,258.0,249.0,15592.0
2014,Port Phillip,206051129.0,Elwood,469.0,355.0,290.0,213.0,415.0,927.0,1091.0,849.0,753.0,572.0,496.0,392.0,309.0,227.0,141.0,93.0,56.0,53.0,7701.0,486.0,356.0,231.0,251.0,508.0,1133.0,1239.0,911.0,808.0,612.0,499.0,413.0,282.0,235.0,134.0,107.0,74.0,83.0,8362.0,955.0,711.0,521.0,464.0,923.0,2060.0,2330.0,1760.0,1561.0,1184.0,995.0,805.0,591.0,462.0,275.0,200.0,130.0,136.0,16063.0
2014,Port Phillip,206051130.0,Port Melbourne,516.0,371.0,294.0,222.0,345.0,716.0,910.0,829.0,784.0,620.0,574.0,495.0,446.0,401.0,274.0,175.0,118.0,63.0,8153.0,480.0,328.0,263.0,231.0,413.0,825.0,991.0,932.0,861.0,604.0,598.0,542.0,500.0,445.0,294.0,220.0,120.0,115.0,8762.0,996.0,699.0,557.0,453.0,758.0,1541.0,1901.0,1761.0,1645.0,1224.0,1172.0,1037.0,946.0,846.0,568.0,395.0,238.0,178.0,16915.0
2014,Port Phillip,206051134.0,St Kilda East,546.0,341.0,233.0,251.0,672.0,1403.0,1259.0,897.0,724.0,547.0,442.0,366.0,270.0,242.0,140.0,105.0,79.0,80.0,8597.0,502.0,317.0,253.0,248.0,742.0,1488.0,1237.0,830.0,653.0,480.0,403.0,347.0,293.0,242.0,153.0,136.0,96.0,122.0,8542.0,1048.0,658.0,486.0,499.0,1414.0,2891.0,2496.0,1727.0,1377.0,1027.0,845.0,713.0,563.0,484.0,293.0,241.0,175.0,202.0,17139.0
2014,Port Phillip,206051511.0,Port Melbourne Industrial,4.0,1.0,0.0,0.0,4.0,8.0,8.0,8.0,5.0,3.0,3.0,3.0,2.0,0.0,4.0,0.0,3.0,1.0,57.0,1.0,0.0,0.0,0.0,4.0,7.0,4.0,2.0,6.0,5.0,0.0,1.0,1.0,1.0,1.0,1.0,1.0,0.0,35.0,5.0,1.0,0.0,0.0,8.0,15.0,12.0,10.0,11.0,8.0,3.0,4.0,3.0,1.0,5.0,1.0,4.0,1.0,92.0
2014,Port Phillip,206051512.0,South Melbourne,317.0,206.0,173.0,168.0,401.0,710.0,706.0,529.0,517.0,391.0,339.0,323.0,265.0,288.0,160.0,138.0,92.0,79.0,5802.0,297.0,222.0,178.0,194.0,454.0,691.0,743.0,574.0,481.0,399.0,351.0,325.0,322.0,277.0,170.0,159.0,121.0,141.0,6099.0,614.0,428.0,351.0,362.0,855.0,1401.0,1449.0,1103.0,998.0,790.0,690.0,648.0,587.0,565.0,330.0,297.0,213.0,220.0,11901.0
2014,Port Phillip,206051513.0,St Kilda - Central,254.0,142.0,88.0,134.0,513.0,1240.0,1041.0,654.0,556.0,355.0,388.0,242.0,258.0,167.0,99.0,73.0,26.0,42.0,6272.0,223.0,122.0,96.0,111.0,609.0,1217.0,973.0,630.0,467.0,348.0,298.0,237.0,217.0,155.0,61.0,86.0,48.0,64.0,5962.0,477.0,264.0,184.0,245.0,1122.0,2457.0,2014.0,1284.0,1023.0,703.0,686.0,479.0,475.0,322.0,160.0,159.0,74.0,106.0,12234.0
2014,Port Phillip,206051514.0,St Kilda - West,192.0,154.0,138.0,165.0,557.0,1100.0,1126.0,749.0,566.0,515.0,538.0,400.0,345.0,299.0,192.0,118.0,103.0,105.0,7362.0,251.0,192.0,110.0,177.0,679.0,1191.0,1058.0,622.0,539.0,451.0,442.0,382.0,264.0,247.0,148.0,103.0,105.0,203.0,7164.0,443.0,346.0,248.0,342.0,1236.0,2291.0,2184.0,1371.0,1105.0,966.0,980.0,782.0,609.0,546.0,340.0,221.0,208.0,308.0,14526.0
2015,Melbourne City,206041117.0,Carlton,259.0,199.0,181.0,1037.0,2575.0,1563.0,846.0,465.0,356.0,239.0,235.0,211.0,194.0,192.0,123.0,101.0,61.0,66.0,8903.0,239.0,177.0,166.0,1480.0,3210.0,1599.0,848.0,444.0,324.0,261.0,273.0,238.0,243.0,200.0,120.0,97.0,71.0,90.0,10080.0,498.0,376.0,347.0,2517.0,5785.0,3162.0,1694.0,909.0,680.0,500.0,508.0,449.0,437.0,392.0,243.0,198.0,132.0,156.0,18983.0
2015,Melbourne City,206041118.0,Docklands,262.0,68.0,43.0,196.0,722.0,1157.0,919.0,499.0,301.0,256.0,278.0,226.0,183.0,164.0,88.0,44.0,19.0,8.0,5433.0,253.0,68.0,47.0,244.0,792.0,1077.0,750.0,370.0,265.0,233.0,268.0,232.0,163.0,141.0,54.0,34.0,15.0,5.0,5011.0,515.0,136.0,90.0,440.0,1514.0,2234.0,1669.0,869.0,566.0,489.0,546.0,458.0,346.0,305.0,142.0,78.0,34.0,13.0,10444.0
2015,Melbourne City,206041119.0,East Melbourne,98.0,46.0,38.0,47.0,183.0,385.0,347.0,236.0,150.0,155.0,156.0,159.0,181.0,162.0,108.0,58.0,35.0,43.0,2587.0,99.0,50.0,31.0,52.0,222.0,441.0,394.0,231.0,159.0,144.0,165.0,169.0,201.0,158.0,109.0,57.0,52.0,90.0,2824.0,197.0,96.0,69.0,99.0,405.0,826.0,741.0,467.0,309.0,299.0,321.0,328.0,382.0,320.0,217.0,115.0,87.0,133.0,5411.0
2015,Melbourne City,206041120.0,Flemington Racecourse,0.0,0.0,0.0,3.0,8.0,10.0,5.0,7.0,4.0,0.0,1.0,3.0,1.0,0.0,0.0,0.0,0.0,0.0,42.0,2.0,0.0,0.0,0.0,1.0,11.0,11.0,11.0,5.0,1.0,6.0,0.0,0.0,0.0,0.0,0.0,0.0,0.0,48.0,2.0,0.0,0.0,3.0,9.0,21.0,16.0,18.0,9.0,1.0,7.0,3.0,1.0,0.0,0.0,0.0,0.0,0.0,90.0
2015,Melbourne City,206041121.0,Kensington (Vic.),378.0,264.0,195.0,146.0,473.0,811.0,770.0,576.0,422.0,349.0,251.0,254.0,196.0,158.0,101.0,75.0,50.0,35.0,5504.0,395.0,239.0,144.0,203.0,478.0,877.0,887.0,556.0,448.0,336.0,271.0,242.0,219.0,178.0,109.0,77.0,61.0,67.0,5787.0,773.0,503.0,339.0,349.0,951.0,1688.0,1657.0,1132.0,870.0,685.0,522.0,496.0,415.0,336.0,210.0,152.0,111.0,102.0,11291.0
2015,Melbourne City,206041124.0,Parkville,108.0,69.0,51.0,543.0,899.0,533.0,341.0,172.0,118.0,108.0,125.0,90.0,114.0,100.0,78.0,57.0,45.0,74.0,3625.0,137.0,58.0,64.0,725.0,946.0,535.0,314.0,158.0,111.0,103.0,116.0,109.0,124.0,108.0,83.0,60.0,96.0,210.0,4057.0,245.0,127.0,115.0,1268.0,1845.0,1068.0,655.0,330.0,229.0,211.0,241.0,199.0,238.0,208.0,161.0,117.0,141.0,284.0,7682.0
2015,Melbourne City,206041125.0,South Yarra - West,114.0,79.0,79.0,129.0,223.0,411.0,413.0,240.0,185.0,164.0,156.0,147.0,159.0,177.0,143.0,99.0,51.0,84.0,3053.0,112.0,77.0,87.0,149.0,293.0,509.0,419.0,226.0,193.0,165.0,158.0,175.0,154.0,191.0,132.0,96.0,72.0,144.0,3352.0,226.0,156.0,166.0,278.0,516.0,920.0,832.0,466.0,378.0,329.0,314.0,322.0,313.0,368.0,275.0,195.0,123.0,228.0,6405.0
2015,Melbourne City,206041127.0,West Melbourne - Industrial,0.0,0.0,0.0,0.0,0.0,0.0,0.0,0.0,0.0,0.0,0.0,0.0,0.0,0.0,0.0,0.0,0.0,0.0,0.0,0.0,0.0,0.0,0.0,0.0,0.0,0.0,0.0,0.0,0.0,0.0,0.0,0.0,0.0,0.0,0.0,0.0,0.0,0.0,0.0,0.0,0.0,0.0,0.0,0.0,0.0,0.0,0.0,0.0,0.0,0.0,0.0,0.0,0.0,0.0,0.0,0.0,0.0
2015,Melbourne City,206041503.0,Melbourne CBD - East,108.0,72.0,31.0,348.0,1313.0,1153.0,765.0,430.0,289.0,205.0,195.0,188.0,169.0,131.0,125.0,68.0,34.0,29.0,5653.0,118.0,79.0,46.0,362.0,1385.0,1120.0,668.0,359.0,229.0,193.0,217.0,175.0,186.0,121.0,61.0,48.0,14.0,15.0,5396.0,226.0,151.0,77.0,710.0,2698.0,2273.0,1433.0,789.0,518.0,398.0,412.0,363.0,355.0,252.0,186.0,116.0,48.0,44.0,11049.0
2015,Melbourne City,206041504.0,Melbourne CBD - North,107.0,31.0,42.0,745.0,2194.0,1315.0,671.0,330.0,160.0,103.0,100.0,67.0,67.0,92.0,32.0,4.0,5.0,15.0,6080.0,112.0,42.0,23.0,1085.0,2683.0,1372.0,645.0,251.0,145.0,107.0,78.0,75.0,67.0,54.0,28.0,15.0,11.0,22.0,6815.0,219.0,73.0,65.0,1830.0,4877.0,2687.0,1316.0,581.0,305.0,210.0,178.0,142.0,134.0,146.0,60.0,19.0,16.0,37.0,12895.0
2015,Melbourne City,206041505.0,Melbourne CBD - West,172.0,65.0,22.0,385.0,1681.0,1741.0,1133.0,436.0,226.0,189.0,158.0,162.0,128.0,67.0,22.0,17.0,6.0,8.0,6618.0,164.0,36.0,31.0,498.0,1864.0,1741.0,923.0,381.0,221.0,201.0,158.0,144.0,92.0,68.0,49.0,10.0,12.0,7.0,6600.0,336.0,101.0,53.0,883.0,3545.0,3482.0,2056.0,817.0,447.0,390.0,316.0,306.0,220.0,135.0,71.0,27.0,18.0,15.0,13218.0
2015,Melbourne City,206041506.0,North Melbourne,329.0,267.0,269.0,487.0,1337.0,1395.0,853.0,586.0,404.0,345.0,315.0,262.0,237.0,192.0,135.0,81.0,69.0,39.0,7602.0,297.0,258.0,214.0,618.0,1650.0,1369.0,845.0,519.0,448.0,344.0,305.0,286.0,241.0,171.0,134.0,109.0,83.0,63.0,7954.0,626.0,525.0,483.0,1105.0,2987.0,2764.0,1698.0,1105.0,852.0,689.0,620.0,548.0,478.0,363.0,269.0,190.0,152.0,102.0,15556.0
2015,Melbourne City,206041507.0,Royal Botanic Gardens Victoria,0.0,0.0,0.0,0.0,0.0,0.0,0.0,0.0,0.0,0.0,0.0,0.0,0.0,0.0,0.0,0.0,0.0,0.0,0.0,0.0,0.0,0.0,0.0,0.0,0.0,0.0,0.0,0.0,0.0,0.0,0.0,0.0,0.0,0.0,0.0,0.0,0.0,0.0,0.0,0.0,0.0,0.0,0.0,0.0,0.0,0.0,0.0,0.0,0.0,0.0,0.0,0.0,0.0,0.0,0.0,0.0,0.0
2015,Melbourne City,206041508.0,Southbank (West) - South Wharf,110.0,50.0,33.0,103.0,466.0,684.0,574.0,370.0,237.0,157.0,191.0,165.0,117.0,102.0,65.0,36.0,21.0,19.0,3500.0,101.0,55.0,37.0,154.0,573.0,667.0,469.0,244.0,186.0,137.0,196.0,153.0,120.0,89.0,49.0,35.0,14.0,19.0,3298.0,211.0,105.0,70.0,257.0,1039.0,1351.0,1043.0,614.0,423.0,294.0,387.0,318.0,237.0,191.0,114.0,71.0,35.0,38.0,6798.0
2015,Melbourne City,206041509.0,Southbank - East,206.0,56.0,32.0,256.0,1064.0,1410.0,1111.0,561.0,308.0,238.0,191.0,129.0,136.0,132.0,70.0,45.0,26.0,10.0,5981.0,192.0,51.0,45.0,320.0,1121.0,1364.0,1069.0,462.0,240.0,201.0,167.0,178.0,157.0,152.0,61.0,34.0,21.0,12.0,5847.0,398.0,107.0,77.0,576.0,2185.0,2774.0,2180.0,1023.0,548.0,439.0,358.0,307.0,293.0,284.0,131.0,79.0,47.0,22.0,11828.0
2015,Melbourne City,206041510.0,West Melbourne - Residential,69.0,61.0,35.0,108.0,459.0,657.0,516.0,257.0,211.0,150.0,117.0,72.0,59.0,37.0,34.0,20.0,11.0,14.0,2887.0,104.0,53.0,42.0,90.0,431.0,521.0,356.0,195.0,131.0,102.0,89.0,50.0,65.0,45.0,33.0,8.0,8.0,13.0,2336.0,173.0,114.0,77.0,198.0,890.0,1178.0,872.0,452.0,342.0,252.0,206.0,122.0,124.0,82.0,67.0,28.0,19.0,27.0,5223.0
2015,Port Phillip,206051128.0,Albert Park,436.0,387.0,311.0,278.0,430.0,714.0,808.0,668.0,610.0,564.0,516.0,487.0,461.0,420.0,351.0,212.0,130.0,117.0,7900.0,443.0,358.0,329.0,275.0,509.0,786.0,836.0,633.0,663.0,628.0,532.0,468.0,450.0,419.0,339.0,208.0,127.0,150.0,8153.0,879.0,745.0,640.0,553.0,939.0,1500.0,1644.0,1301.0,1273.0,1192.0,1048.0,955.0,911.0,839.0,690.0,420.0,257.0,267.0,16053.0
2015,Port Phillip,206051129.0,Elwood,458.0,376.0,300.0,225.0,407.0,893.0,1066.0,829.0,736.0,597.0,479.0,419.0,317.0,256.0,143.0,95.0,55.0,54.0,7705.0,465.0,382.0,242.0,251.0,514.0,1106.0,1234.0,900.0,788.0,630.0,522.0,449.0,293.0,248.0,145.0,106.0,81.0,84.0,8440.0,923.0,758.0,542.0,476.0,921.0,1999.0,2300.0,1729.0,1524.0,1227.0,1001.0,868.0,610.0,504.0,288.0,201.0,136.0,138.0,16145.0
2015,Port Phillip,206051130.0,Port Melbourne,512.0,391.0,308.0,238.0,357.0,700.0,924.0,828.0,744.0,669.0,573.0,527.0,446.0,426.0,273.0,195.0,115.0,76.0,8302.0,507.0,341.0,268.0,236.0,418.0,804.0,1017.0,914.0,868.0,637.0,623.0,577.0,503.0,454.0,313.0,225.0,129.0,118.0,8952.0,1019.0,732.0,576.0,474.0,775.0,1504.0,1941.0,1742.0,1612.0,1306.0,1196.0,1104.0,949.0,880.0,586.0,420.0,244.0,194.0,17254.0
2015,Port Phillip,206051134.0,St Kilda East,534.0,368.0,236.0,264.0,665.0,1393.0,1260.0,892.0,716.0,566.0,454.0,358.0,285.0,250.0,148.0,110.0,79.0,76.0,8654.0,511.0,328.0,260.0,249.0,749.0,1499.0,1229.0,843.0,657.0,505.0,407.0,366.0,293.0,258.0,160.0,132.0,97.0,118.0,8661.0,1045.0,696.0,496.0,513.0,1414.0,2892.0,2489.0,1735.0,1373.0,1071.0,861.0,724.0,578.0,508.0,308.0,242.0,176.0,194.0,17315.0
2015,Port Phillip,206051511.0,Port Melbourne Industrial,1.0,0.0,0.0,0.0,3.0,14.0,4.0,9.0,12.0,1.0,1.0,2.0,2.0,0.0,4.0,0.0,4.0,1.0,58.0,0.0,0.0,0.0,0.0,2.0,8.0,12.0,2.0,7.0,4.0,1.0,0.0,2.0,0.0,1.0,1.0,1.0,0.0,41.0,1.0,0.0,0.0,0.0,5.0,22.0,16.0,11.0,19.0,5.0,2.0,2.0,4.0,0.0,5.0,1.0,5.0,1.0,99.0
2015,Port Phillip,206051512.0,South Melbourne,326.0,211.0,179.0,161.0,398.0,737.0,741.0,545.0,504.0,406.0,351.0,325.0,269.0,292.0,186.0,118.0,113.0,79.0,5941.0,302.0,227.0,165.0,194.0,467.0,741.0,748.0,575.0,473.0,416.0,365.0,333.0,319.0,293.0,185.0,150.0,126.0,157.0,6236.0,628.0,438.0,344.0,355.0,865.0,1478.0,1489.0,1120.0,977.0,822.0,716.0,658.0,588.0,585.0,371.0,268.0,239.0,236.0,12177.0
2015,Port Phillip,206051513.0,St Kilda - Central,253.0,165.0,74.0,135.0,507.0,1240.0,1082.0,658.0,560.0,379.0,379.0,272.0,234.0,201.0,103.0,74.0,35.0,37.0,6388.0,238.0,137.0,104.0,125.0,612.0,1227.0,994.0,642.0,477.0,359.0,318.0,248.0,231.0,148.0,76.0,98.0,57.0,82.0,6173.0,491.0,302.0,178.0,260.0,1119.0,2467.0,2076.0,1300.0,1037.0,738.0,697.0,520.0,465.0,349.0,179.0,172.0,92.0,119.0,12561.0
2015,Port Phillip,206051514.0,St Kilda - West,199.0,158.0,159.0,169.0,563.0,1087.0,1140.0,757.0,565.0,512.0,531.0,444.0,370.0,306.0,218.0,119.0,94.0,111.0,7502.0,247.0,198.0,121.0,180.0,691.0,1173.0,1097.0,631.0,532.0,456.0,451.0,393.0,288.0,286.0,155.0,95.0,93.0,199.0,7286.0,446.0,356.0,280.0,349.0,1254.0,2260.0,2237.0,1388.0,1097.0,968.0,982.0,837.0,658.0,592.0,373.0,214.0,187.0,310.0,14788.0
2016,Melbourne City,206041117.0,Carlton,252.0,200.0,187.0,1165.0,2742.0,1635.0,887.0,500.0,337.0,275.0,236.0,221.0,197.0,194.0,140.0,118.0,66.0,67.0,9419.0,243.0,180.0,144.0,1693.0,3525.0,1682.0,887.0,462.0,306.0,277.0,291.0,255.0,242.0,208.0,131.0,102.0,86.0,109.0,10823.0,495.0,380.0,331.0,2858.0,6267.0,3317.0,1774.0,962.0,643.0,552.0,527.0,476.0,439.0,402.0,271.0,220.0,152.0,176.0,20242.0
2016,Melbourne City,206041118.0,Docklands,311.0,90.0,52.0,218.0,811.0,1316.0,1036.0,561.0,342.0,274.0,309.0,251.0,196.0,186.0,109.0,42.0,23.0,9.0,6136.0,287.0,80.0,55.0,273.0,896.0,1251.0,845.0,424.0,286.0,273.0,295.0,263.0,184.0,160.0,65.0,38.0,18.0,3.0,5696.0,598.0,170.0,107.0,491.0,1707.0,2567.0,1881.0,985.0,628.0,547.0,604.0,514.0,380.0,346.0,174.0,80.0,41.0,12.0,11832.0
2016,Melbourne City,206041119.0,East Melbourne,86.0,49.0,35.0,47.0,190.0,381.0,331.0,253.0,158.0,155.0,152.0,165.0,173.0,168.0,127.0,63.0,35.0,48.0,2616.0,102.0,49.0,39.0,50.0,217.0,439.0,404.0,225.0,149.0,152.0,167.0,170.0,217.0,150.0,127.0,54.0,45.0,103.0,2859.0,188.0,98.0,74.0,97.0,407.0,820.0,735.0,478.0,307.0,307.0,319.0,335.0,390.0,318.0,254.0,117.0,80.0,151.0,5475.0
2016,Melbourne City,206041120.0,Flemington Racecourse,7.0,0.0,0.0,0.0,5.0,5.0,2.0,11.0,7.0,0.0,0.0,5.0,0.0,0.0,0.0,0.0,0.0,0.0,42.0,5.0,0.0,0.0,0.0,0.0,11.0,11.0,10.0,5.0,0.0,7.0,0.0,0.0,0.0,0.0,0.0,0.0,0.0,49.0,12.0,0.0,0.0,0.0,5.0,16.0,13.0,21.0,12.0,0.0,7.0,5.0,0.0,0.0,0.0,0.0,0.0,0.0,91.0
2016,Melbourne City,206041121.0,Kensington (Vic.),393.0,259.0,196.0,171.0,467.0,833.0,773.0,598.0,414.0,355.0,249.0,261.0,210.0,167.0,103.0,75.0,54.0,39.0,5617.0,397.0,258.0,148.0,203.0,477.0,871.0,923.0,544.0,445.0,362.0,284.0,256.0,220.0,191.0,121.0,85.0,64.0,64.0,5913.0,790.0,517.0,344.0,374.0,944.0,1704.0,1696.0,1142.0,859.0,717.0,533.0,517.0,430.0,358.0,224.0,160.0,118.0,103.0,11530.0
2016,Melbourne City,206041124.0,Parkville,135.0,68.0,54.0,545.0,910.0,570.0,351.0,178.0,108.0,117.0,118.0,91.0,107.0,100.0,79.0,57.0,45.0,85.0,3718.0,133.0,63.0,63.0,748.0,958.0,564.0,316.0,184.0,115.0,95.0,126.0,104.0,124.0,105.0,88.0,69.0,89.0,236.0,4180.0,268.0,131.0,117.0,1293.0,1868.0,1134.0,667.0,362.0,223.0,212.0,244.0,195.0,231.0,205.0,167.0,126.0,134.0,321.0,7898.0
2016,Melbourne City,206041125.0,South Yarra - West,106.0,75.0,60.0,152.0,218.0,402.0,407.0,232.0,189.0,154.0,153.0,145.0,156.0,171.0,157.0,112.0,48.0,90.0,3027.0,105.0,78.0,75.0,168.0,293.0,504.0,425.0,232.0,180.0,186.0,172.0,170.0,171.0,180.0,150.0,105.0,79.0,153.0,3426.0,211.0,153.0,135.0,320.0,511.0,906.0,832.0,464.0,369.0,340.0,325.0,315.0,327.0,351.0,307.0,217.0,127.0,243.0,6453.0
2016,Melbourne City,206041127.0,West Melbourne - Industrial,0.0,0.0,0.0,0.0,0.0,0.0,0.0,0.0,0.0,0.0,0.0,2.0,0.0,0.0,0.0,0.0,0.0,0.0,2.0,0.0,0.0,0.0,0.0,0.0,0.0,0.0,0.0,0.0,0.0,0.0,1.0,0.0,0.0,0.0,0.0,0.0,0.0,1.0,0.0,0.0,0.0,0.0,0.0,0.0,0.0,0.0,0.0,0.0,0.0,3.0,0.0,0.0,0.0,0.0,0.0,0.0,3.0
2016,Melbourne City,206041503.0,Melbourne CBD - East,132.0,62.0,34.0,399.0,1418.0,1214.0,828.0,464.0,291.0,191.0,188.0,185.0,151.0,147.0,109.0,49.0,32.0,28.0,5922.0,138.0,66.0,45.0,397.0,1543.0,1211.0,729.0,364.0,220.0,182.0,197.0,166.0,153.0,147.0,71.0,45.0,16.0,21.0,5711.0,270.0,128.0,79.0,796.0,2961.0,2425.0,1557.0,828.0,511.0,373.0,385.0,351.0,304.0,294.0,180.0,94.0,48.0,49.0,11633.0
2016,Melbourne City,206041504.0,Melbourne CBD - North,116.0,51.0,26.0,806.0,2426.0,1428.0,759.0,360.0,184.0,112.0,95.0,71.0,76.0,69.0,35.0,22.0,2.0,14.0,6652.0,128.0,51.0,12.0,1244.0,3033.0,1479.0,685.0,274.0,167.0,132.0,108.0,81.0,72.0,53.0,24.0,13.0,10.0,12.0,7578.0,244.0,102.0,38.0,2050.0,5459.0,2907.0,1444.0,634.0,351.0,244.0,203.0,152.0,148.0,122.0,59.0,35.0,12.0,26.0,14230.0
2016,Melbourne City,206041505.0,Melbourne CBD - West,165.0,60.0,24.0,437.0,1861.0,1924.0,1201.0,492.0,238.0,196.0,152.0,153.0,122.0,76.0,48.0,20.0,15.0,13.0,7197.0,150.0,45.0,33.0,552.0,2064.0,1916.0,1016.0,424.0,201.0,218.0,130.0,137.0,99.0,57.0,45.0,13.0,11.0,10.0,7121.0,315.0,105.0,57.0,989.0,3925.0,3840.0,2217.0,916.0,439.0,414.0,282.0,290.0,221.0,133.0,93.0,33.0,26.0,23.0,14318.0
2016,Melbourne City,206041506.0,North Melbourne,326.0,287.0,246.0,535.0,1435.0,1476.0,890.0,603.0,435.0,364.0,307.0,270.0,255.0,212.0,133.0,93.0,79.0,47.0,7993.0,329.0,257.0,232.0,666.0,1819.0,1424.0,881.0,531.0,477.0,365.0,339.0,293.0,251.0,218.0,143.0,108.0,77.0,61.0,8471.0,655.0,544.0,478.0,1201.0,3254.0,2900.0,1771.0,1134.0,912.0,729.0,646.0,563.0,506.0,430.0,276.0,201.0,156.0,108.0,16464.0
2016,Melbourne City,206041507.0,Royal Botanic Gardens Victoria,0.0,0.0,0.0,0.0,0.0,0.0,0.0,0.0,0.0,0.0,0.0,0.0,0.0,0.0,0.0,0.0,0.0,0.0,0.0,0.0,0.0,0.0,0.0,0.0,0.0,0.0,0.0,0.0,0.0,0.0,0.0,0.0,0.0,0.0,0.0,0.0,0.0,0.0,0.0,0.0,0.0,0.0,0.0,0.0,0.0,0.0,0.0,0.0,0.0,0.0,0.0,0.0,0.0,0.0,0.0,0.0,0.0
2016,Melbourne City,206041508.0,Southbank (West) - South Wharf,117.0,49.0,28.0,129.0,498.0,673.0,605.0,412.0,237.0,185.0,190.0,188.0,130.0,123.0,61.0,39.0,27.0,21.0,3712.0,131.0,55.0,27.0,154.0,590.0,707.0,537.0,261.0,193.0,144.0,183.0,190.0,120.0,108.0,75.0,45.0,9.0,17.0,3546.0,248.0,104.0,55.0,283.0,1088.0,1380.0,1142.0,673.0,430.0,329.0,373.0,378.0,250.0,231.0,136.0,84.0,36.0,38.0,7258.0
2016,Melbourne City,206041509.0,Southbank - East,199.0,73.0,44.0,258.0,1149.0,1584.0,1263.0,615.0,340.0,235.0,212.0,155.0,143.0,135.0,95.0,47.0,13.0,12.0,6572.0,208.0,59.0,44.0,368.0,1244.0,1531.0,1162.0,513.0,262.0,221.0,190.0,189.0,168.0,165.0,62.0,35.0,20.0,17.0,6458.0,407.0,132.0,88.0,626.0,2393.0,3115.0,2425.0,1128.0,602.0,456.0,402.0,344.0,311.0,300.0,157.0,82.0,33.0,29.0,13030.0
2016,Melbourne City,206041510.0,West Melbourne - Residential,102.0,57.0,59.0,104.0,490.0,710.0,544.0,264.0,221.0,138.0,140.0,94.0,54.0,42.0,42.0,17.0,4.0,6.0,3088.0,100.0,68.0,56.0,111.0,477.0,572.0,390.0,213.0,133.0,117.0,82.0,62.0,55.0,48.0,26.0,26.0,10.0,8.0,2554.0,202.0,125.0,115.0,215.0,967.0,1282.0,934.0,477.0,354.0,255.0,222.0,156.0,109.0,90.0,68.0,43.0,14.0,14.0,5642.0
2016,Port Phillip,206051128.0,Albert Park,442.0,390.0,333.0,301.0,466.0,722.0,803.0,679.0,602.0,573.0,521.0,520.0,448.0,446.0,376.0,237.0,127.0,134.0,8120.0,434.0,380.0,339.0,282.0,514.0,801.0,835.0,671.0,639.0,668.0,548.0,499.0,460.0,440.0,354.0,229.0,132.0,145.0,8370.0,876.0,770.0,672.0,583.0,980.0,1523.0,1638.0,1350.0,1241.0,1241.0,1069.0,1019.0,908.0,886.0,730.0,466.0,259.0,279.0,16490.0
2016,Port Phillip,206051129.0,Elwood,479.0,375.0,317.0,236.0,424.0,843.0,1050.0,802.0,702.0,637.0,474.0,459.0,334.0,278.0,156.0,99.0,53.0,50.0,7768.0,440.0,397.0,254.0,263.0,539.0,1099.0,1245.0,900.0,739.0,690.0,532.0,491.0,331.0,250.0,167.0,107.0,89.0,81.0,8614.0,919.0,772.0,571.0,499.0,963.0,1942.0,2295.0,1702.0,1441.0,1327.0,1006.0,950.0,665.0,528.0,323.0,206.0,142.0,131.0,16382.0
2016,Port Phillip,206051130.0,Port Melbourne,525.0,376.0,337.0,236.0,372.0,695.0,929.0,824.0,701.0,690.0,570.0,557.0,452.0,442.0,295.0,204.0,116.0,82.0,8403.0,540.0,331.0,280.0,252.0,409.0,782.0,1036.0,886.0,857.0,686.0,601.0,607.0,503.0,482.0,322.0,234.0,136.0,122.0,9066.0,1065.0,707.0,617.0,488.0,781.0,1477.0,1965.0,1710.0,1558.0,1376.0,1171.0,1164.0,955.0,924.0,617.0,438.0,252.0,204.0,17469.0
2016,Port Phillip,206051134.0,St Kilda East,517.0,383.0,263.0,276.0,672.0,1406.0,1269.0,894.0,694.0,562.0,464.0,372.0,308.0,250.0,163.0,108.0,89.0,69.0,8759.0,481.0,372.0,261.0,261.0,781.0,1512.0,1240.0,852.0,664.0,535.0,409.0,375.0,316.0,275.0,180.0,125.0,102.0,113.0,8854.0,998.0,755.0,524.0,537.0,1453.0,2918.0,2509.0,1746.0,1358.0,1097.0,873.0,747.0,624.0,525.0,343.0,233.0,191.0,182.0,17613.0
2016,Port Phillip,206051511.0,Port Melbourne Industrial,1.0,0.0,2.0,0.0,3.0,14.0,7.0,13.0,8.0,5.0,2.0,1.0,1.0,1.0,3.0,0.0,1.0,0.0,62.0,4.0,0.0,0.0,0.0,5.0,9.0,8.0,6.0,4.0,1.0,0.0,3.0,3.0,0.0,2.0,1.0,0.0,2.0,48.0,5.0,0.0,2.0,0.0,8.0,23.0,15.0,19.0,12.0,6.0,2.0,4.0,4.0,1.0,5.0,1.0,1.0,2.0,110.0
2016,Port Phillip,206051512.0,South Melbourne,333.0,217.0,179.0,167.0,399.0,730.0,777.0,554.0,503.0,411.0,361.0,325.0,277.0,300.0,201.0,124.0,111.0,87.0,6056.0,312.0,202.0,168.0,205.0,478.0,777.0,797.0,554.0,452.0,427.0,377.0,335.0,323.0,303.0,202.0,158.0,118.0,163.0,6351.0,645.0,419.0,347.0,372.0,877.0,1507.0,1574.0,1108.0,955.0,838.0,738.0,660.0,600.0,603.0,403.0,282.0,229.0,250.0,12407.0
2016,Port Phillip,206051513.0,St Kilda - Central,237.0,174.0,112.0,118.0,517.0,1217.0,1163.0,645.0,546.0,415.0,365.0,333.0,251.0,217.0,143.0,77.0,49.0,55.0,6634.0,258.0,151.0,106.0,136.0,642.0,1269.0,1000.0,627.0,459.0,396.0,338.0,259.0,233.0,191.0,101.0,110.0,37.0,67.0,6380.0,495.0,325.0,218.0,254.0,1159.0,2486.0,2163.0,1272.0,1005.0,811.0,703.0,592.0,484.0,408.0,244.0,187.0,86.0,122.0,13014.0
2016,Port Phillip,206051514.0,St Kilda - West,213.0,175.0,143.0,194.0,575.0,1120.0,1141.0,814.0,538.0,492.0,546.0,463.0,377.0,306.0,211.0,131.0,83.0,101.0,7623.0,248.0,207.0,130.0,201.0,703.0,1190.0,1145.0,671.0,496.0,473.0,450.0,433.0,313.0,271.0,167.0,97.0,102.0,232.0,7529.0,461.0,382.0,273.0,395.0,1278.0,2310.0,2286.0,1485.0,1034.0,965.0,996.0,896.0,690.0,577.0,378.0,228.0,185.0,333.0,15152.0
2017,Melbourne City,206041117.0,Carlton,258.0,212.0,189.0,1085.0,2764.0,1737.0,963.0,552.0,355.0,319.0,238.0,216.0,198.0,181.0,158.0,116.0,72.0,74.0,9687.0,246.0,174.0,163.0,1585.0,3456.0,1782.0,938.0,555.0,312.0,294.0,279.0,268.0,241.0,204.0,148.0,112.0,97.0,110.0,10964.0,504.0,386.0,352.0,2670.0,6220.0,3519.0,1901.0,1107.0,667.0,613.0,517.0,484.0,439.0,385.0,306.0,228.0,169.0,184.0,20651.0
2017,Melbourne City,206041118.0,Docklands,362.0,118.0,71.0,227.0,920.0,1500.0,1279.0,719.0,424.0,354.0,323.0,290.0,236.0,190.0,143.0,54.0,26.0,9.0,7245.0,347.0,93.0,75.0,266.0,1001.0,1433.0,1063.0,551.0,329.0,328.0,344.0,293.0,218.0,164.0,96.0,45.0,25.0,6.0,6677.0,709.0,211.0,146.0,493.0,1921.0,2933.0,2342.0,1270.0,753.0,682.0,667.0,583.0,454.0,354.0,239.0,99.0,51.0,15.0,13922.0
2017,Melbourne City,206041119.0,East Melbourne,96.0,49.0,36.0,53.0,185.0,370.0,330.0,253.0,163.0,143.0,158.0,162.0,179.0,162.0,142.0,68.0,36.0,43.0,2628.0,122.0,52.0,39.0,57.0,215.0,420.0,385.0,231.0,155.0,157.0,157.0,176.0,199.0,164.0,131.0,65.0,47.0,96.0,2868.0,218.0,101.0,75.0,110.0,400.0,790.0,715.0,484.0,318.0,300.0,315.0,338.0,378.0,326.0,273.0,133.0,83.0,139.0,5496.0
2017,Melbourne City,206041120.0,Flemington Racecourse,10.0,0.0,0.0,0.0,5.0,8.0,1.0,5.0,10.0,0.0,0.0,4.0,0.0,0.0,0.0,0.0,0.0,0.0,43.0,4.0,0.0,0.0,0.0,0.0,10.0,14.0,8.0,4.0,0.0,0.0,5.0,0.0,0.0,0.0,0.0,0.0,0.0,45.0,14.0,0.0,0.0,0.0,5.0,18.0,15.0,13.0,14.0,0.0,0.0,9.0,0.0,0.0,0.0,0.0,0.0,0.0,88.0
2017,Melbourne City,206041121.0,Kensington (Vic.),393.0,258.0,201.0,179.0,470.0,789.0,769.0,600.0,435.0,349.0,255.0,258.0,221.0,167.0,113.0,75.0,57.0,40.0,5629.0,406.0,250.0,176.0,199.0,478.0,830.0,881.0,560.0,456.0,378.0,278.0,246.0,225.0,199.0,131.0,89.0,59.0,70.0,5911.0,799.0,508.0,377.0,378.0,948.0,1619.0,1650.0,1160.0,891.0,727.0,533.0,504.0,446.0,366.0,244.0,164.0,116.0,110.0,11540.0
2017,Melbourne City,206041124.0,Parkville,146.0,68.0,70.0,560.0,919.0,575.0,369.0,203.0,117.0,116.0,125.0,99.0,102.0,96.0,90.0,61.0,35.0,76.0,3827.0,153.0,75.0,56.0,798.0,999.0,572.0,339.0,211.0,133.0,98.0,122.0,110.0,125.0,101.0,102.0,71.0,77.0,213.0,4355.0,299.0,143.0,126.0,1358.0,1918.0,1147.0,708.0,414.0,250.0,214.0,247.0,209.0,227.0,197.0,192.0,132.0,112.0,289.0,8182.0
2017,Melbourne City,206041125.0,South Yarra - West,118.0,84.0,70.0,174.0,220.0,413.0,426.0,259.0,197.0,171.0,153.0,151.0,173.0,172.0,175.0,121.0,65.0,95.0,3237.0,114.0,90.0,72.0,154.0,301.0,516.0,448.0,254.0,204.0,193.0,176.0,177.0,183.0,175.0,183.0,114.0,89.0,153.0,3596.0,232.0,174.0,142.0,328.0,521.0,929.0,874.0,513.0,401.0,364.0,329.0,328.0,356.0,347.0,358.0,235.0,154.0,248.0,6833.0
2017,Melbourne City,206041127.0,West Melbourne - Industrial,0.0,0.0,0.0,0.0,0.0,0.0,0.0,0.0,0.0,0.0,0.0,2.0,0.0,0.0,0.0,0.0,0.0,0.0,2.0,0.0,0.0,0.0,0.0,0.0,0.0,0.0,0.0,0.0,0.0,0.0,1.0,0.0,0.0,0.0,0.0,0.0,0.0,1.0,0.0,0.0,0.0,0.0,0.0,0.0,0.0,0.0,0.0,0.0,0.0,3.0,0.0,0.0,0.0,0.0,0.0,0.0,3.0
2017,Melbourne City,206041503.0,Melbourne CBD - East,136.0,76.0,42.0,368.0,1419.0,1228.0,842.0,503.0,322.0,214.0,191.0,181.0,151.0,145.0,115.0,55.0,30.0,32.0,6050.0,143.0,69.0,53.0,377.0,1532.0,1241.0,759.0,413.0,217.0,189.0,191.0,174.0,159.0,144.0,74.0,53.0,19.0,24.0,5831.0,279.0,145.0,95.0,745.0,2951.0,2469.0,1601.0,916.0,539.0,403.0,382.0,355.0,310.0,289.0,189.0,108.0,49.0,56.0,11881.0
2017,Melbourne City,206041504.0,Melbourne CBD - North,128.0,60.0,41.0,787.0,2674.0,1686.0,902.0,438.0,221.0,149.0,106.0,83.0,70.0,73.0,49.0,25.0,2.0,12.0,7506.0,138.0,64.0,33.0,1198.0,3261.0,1713.0,815.0,343.0,177.0,156.0,115.0,81.0,83.0,61.0,24.0,15.0,9.0,9.0,8295.0,266.0,124.0,74.0,1985.0,5935.0,3399.0,1717.0,781.0,398.0,305.0,221.0,164.0,153.0,134.0,73.0,40.0,11.0,21.0,15801.0
2017,Melbourne City,206041505.0,Melbourne CBD - West,195.0,87.0,37.0,463.0,2123.0,2248.0,1469.0,645.0,343.0,216.0,183.0,164.0,142.0,92.0,58.0,24.0,14.0,10.0,8513.0,186.0,59.0,42.0,581.0,2366.0,2257.0,1237.0,554.0,259.0,242.0,150.0,154.0,117.0,65.0,66.0,16.0,13.0,11.0,8375.0,381.0,146.0,79.0,1044.0,4489.0,4505.0,2706.0,1199.0,602.0,458.0,333.0,318.0,259.0,157.0,124.0,40.0,27.0,21.0,16888.0
2017,Melbourne City,206041506.0,North Melbourne,368.0,322.0,267.0,491.0,1418.0,1456.0,948.0,668.0,502.0,395.0,322.0,310.0,248.0,196.0,150.0,98.0,68.0,50.0,8277.0,401.0,270.0,269.0,614.0,1754.0,1408.0,923.0,571.0,532.0,444.0,351.0,315.0,254.0,234.0,133.0,118.0,70.0,64.0,8725.0,769.0,592.0,536.0,1105.0,3172.0,2864.0,1871.0,1239.0,1034.0,839.0,673.0,625.0,502.0,430.0,283.0,216.0,138.0,114.0,17002.0
2017,Melbourne City,206041507.0,Royal Botanic Gardens Victoria,0.0,0.0,0.0,0.0,0.0,0.0,0.0,0.0,0.0,0.0,0.0,0.0,0.0,0.0,0.0,0.0,0.0,0.0,0.0,0.0,0.0,0.0,0.0,0.0,0.0,0.0,0.0,0.0,0.0,0.0,0.0,0.0,0.0,0.0,0.0,0.0,0.0,0.0,0.0,0.0,0.0,0.0,0.0,0.0,0.0,0.0,0.0,0.0,0.0,0.0,0.0,0.0,0.0,0.0,0.0,0.0,0.0
2017,Melbourne City,206041508.0,Southbank (West) - South Wharf,134.0,59.0,31.0,102.0,496.0,718.0,639.0,432.0,227.0,194.0,180.0,183.0,132.0,121.0,70.0,40.0,30.0,22.0,3810.0,150.0,61.0,28.0,165.0,578.0,724.0,552.0,309.0,181.0,168.0,157.0,169.0,116.0,121.0,81.0,47.0,13.0,15.0,3635.0,284.0,120.0,59.0,267.0,1074.0,1442.0,1191.0,741.0,408.0,362.0,337.0,352.0,248.0,242.0,151.0,87.0,43.0,37.0,7445.0
2017,Melbourne City,206041509.0,Southbank - East,236.0,102.0,54.0,246.0,1214.0,1715.0,1367.0,725.0,386.0,257.0,225.0,166.0,145.0,136.0,101.0,60.0,11.0,13.0,7159.0,233.0,82.0,46.0,356.0,1312.0,1668.0,1272.0,602.0,290.0,229.0,203.0,178.0,189.0,152.0,81.0,46.0,14.0,20.0,6973.0,469.0,184.0,100.0,602.0,2526.0,3383.0,2639.0,1327.0,676.0,486.0,428.0,344.0,334.0,288.0,182.0,106.0,25.0,33.0,14132.0
2017,Melbourne City,206041510.0,West Melbourne - Residential,106.0,64.0,65.0,109.0,514.0,741.0,587.0,299.0,230.0,159.0,136.0,97.0,64.0,47.0,36.0,20.0,4.0,4.0,3282.0,109.0,76.0,54.0,114.0,509.0,636.0,443.0,242.0,150.0,118.0,104.0,64.0,64.0,49.0,34.0,21.0,9.0,6.0,2802.0,215.0,140.0,119.0,223.0,1023.0,1377.0,1030.0,541.0,380.0,277.0,240.0,161.0,128.0,96.0,70.0,41.0,13.0,10.0,6084.0
2017,Port Phillip,206051128.0,Albert Park,452.0,387.0,340.0,322.0,469.0,690.0,766.0,690.0,602.0,580.0,516.0,526.0,448.0,423.0,401.0,247.0,139.0,133.0,8131.0,429.0,386.0,351.0,322.0,495.0,744.0,819.0,667.0,619.0,666.0,576.0,487.0,459.0,436.0,378.0,247.0,130.0,158.0,8369.0,881.0,773.0,691.0,644.0,964.0,1434.0,1585.0,1357.0,1221.0,1246.0,1092.0,1013.0,907.0,859.0,779.0,494.0,269.0,291.0,16500.0
2017,Port Phillip,206051129.0,Elwood,479.0,370.0,338.0,256.0,422.0,809.0,1010.0,787.0,671.0,649.0,511.0,475.0,334.0,277.0,167.0,110.0,59.0,47.0,7771.0,454.0,381.0,287.0,257.0,535.0,1067.0,1185.0,890.0,725.0,729.0,526.0,504.0,369.0,251.0,184.0,106.0,87.0,80.0,8617.0,933.0,751.0,625.0,513.0,957.0,1876.0,2195.0,1677.0,1396.0,1378.0,1037.0,979.0,703.0,528.0,351.0,216.0,146.0,127.0,16388.0
2017,Port Phillip,206051130.0,Port Melbourne,547.0,380.0,356.0,250.0,358.0,637.0,845.0,801.0,727.0,696.0,560.0,601.0,453.0,448.0,333.0,224.0,105.0,99.0,8420.0,569.0,358.0,294.0,263.0,390.0,753.0,948.0,893.0,823.0,740.0,583.0,605.0,512.0,482.0,355.0,237.0,150.0,119.0,9074.0,1116.0,738.0,650.0,513.0,748.0,1390.0,1793.0,1694.0,1550.0,1436.0,1143.0,1206.0,965.0,930.0,688.0,461.0,255.0,218.0,17494.0
2017,Port Phillip,206051134.0,St Kilda East,513.0,395.0,285.0,272.0,678.0,1355.0,1243.0,887.0,663.0,572.0,486.0,364.0,332.0,239.0,182.0,103.0,93.0,74.0,8736.0,495.0,388.0,264.0,265.0,778.0,1453.0,1211.0,843.0,665.0,568.0,417.0,367.0,319.0,259.0,191.0,132.0,99.0,118.0,8832.0,1008.0,783.0,549.0,537.0,1456.0,2808.0,2454.0,1730.0,1328.0,1140.0,903.0,731.0,651.0,498.0,373.0,235.0,192.0,192.0,17568.0
2017,Port Phillip,206051511.0,Port Melbourne Industrial,7.0,5.0,5.0,9.0,17.0,45.0,38.0,27.0,14.0,15.0,9.0,4.0,2.0,1.0,3.0,0.0,1.0,0.0,202.0,7.0,3.0,3.0,4.0,18.0,40.0,35.0,22.0,12.0,9.0,5.0,5.0,4.0,2.0,2.0,0.0,1.0,1.0,173.0,14.0,8.0,8.0,13.0,35.0,85.0,73.0,49.0,26.0,24.0,14.0,9.0,6.0,3.0,5.0,0.0,2.0,1.0,375.0
2017,Port Phillip,206051512.0,South Melbourne,323.0,239.0,182.0,174.0,401.0,711.0,760.0,558.0,492.0,428.0,377.0,347.0,271.0,289.0,204.0,135.0,122.0,89.0,6102.0,315.0,204.0,185.0,220.0,467.0,741.0,768.0,561.0,473.0,440.0,397.0,320.0,338.0,305.0,224.0,161.0,125.0,166.0,6410.0,638.0,443.0,367.0,394.0,868.0,1452.0,1528.0,1119.0,965.0,868.0,774.0,667.0,609.0,594.0,428.0,296.0,247.0,255.0,12512.0
2017,Port Phillip,206051513.0,St Kilda - Central,251.0,177.0,109.0,115.0,515.0,1186.0,1155.0,677.0,598.0,478.0,368.0,365.0,247.0,228.0,142.0,85.0,45.0,54.0,6795.0,272.0,145.0,112.0,133.0,638.0,1265.0,1014.0,652.0,442.0,437.0,372.0,282.0,241.0,185.0,117.0,95.0,55.0,63.0,6520.0,523.0,322.0,221.0,248.0,1153.0,2451.0,2169.0,1329.0,1040.0,915.0,740.0,647.0,488.0,413.0,259.0,180.0,100.0,117.0,13315.0
2017,Port Phillip,206051514.0,St Kilda - West,229.0,172.0,156.0,196.0,566.0,1093.0,1107.0,802.0,570.0,529.0,549.0,510.0,388.0,296.0,243.0,140.0,84.0,108.0,7738.0,266.0,201.0,151.0,205.0,683.0,1188.0,1117.0,693.0,500.0,529.0,427.0,482.0,324.0,263.0,196.0,116.0,95.0,204.0,7640.0,495.0,373.0,307.0,401.0,1249.0,2281.0,2224.0,1495.0,1070.0,1058.0,976.0,992.0,712.0,559.0,439.0,256.0,179.0,312.0,15378.0
2018,Melbourne City,206041117.0,Carlton,250.0,216.0,171.0,989.0,2736.0,1836.0,1029.0,586.0,396.0,331.0,243.0,230.0,189.0,181.0,158.0,119.0,83.0,74.0,9817.0,237.0,181.0,137.0,1441.0,3350.0,1897.0,993.0,623.0,352.0,288.0,283.0,272.0,246.0,211.0,174.0,112.0,105.0,112.0,11014.0,487.0,397.0,308.0,2430.0,6086.0,3733.0,2022.0,1209.0,748.0,619.0,526.0,502.0,435.0,392.0,332.0,231.0,188.0,186.0,20831.0
2018,Melbourne City,206041118.0,Docklands,389.0,148.0,77.0,216.0,989.0,1627.0,1476.0,855.0,490.0,410.0,327.0,325.0,266.0,194.0,154.0,64.0,35.0,13.0,8055.0,383.0,115.0,82.0,247.0,1044.0,1564.0,1249.0,663.0,367.0,353.0,373.0,310.0,244.0,178.0,120.0,52.0,25.0,12.0,7381.0,772.0,263.0,159.0,463.0,2033.0,3191.0,2725.0,1518.0,857.0,763.0,700.0,635.0,510.0,372.0,274.0,116.0,60.0,25.0,15436.0
2018,Melbourne City,206041119.0,East Melbourne,96.0,49.0,36.0,50.0,182.0,355.0,324.0,248.0,165.0,141.0,146.0,163.0,166.0,162.0,147.0,73.0,38.0,45.0,2586.0,128.0,48.0,44.0,58.0,210.0,398.0,367.0,234.0,152.0,159.0,144.0,186.0,176.0,178.0,129.0,73.0,47.0,95.0,2826.0,224.0,97.0,80.0,108.0,392.0,753.0,691.0,482.0,317.0,300.0,290.0,349.0,342.0,340.0,276.0,146.0,85.0,140.0,5412.0
2018,Melbourne City,206041120.0,Flemington Racecourse,9.0,0.0,0.0,0.0,5.0,11.0,4.0,2.0,7.0,3.0,0.0,3.0,0.0,0.0,0.0,0.0,0.0,0.0,44.0,0.0,3.0,0.0,0.0,0.0,9.0,16.0,6.0,3.0,0.0,1.0,4.0,0.0,0.0,0.0,0.0,0.0,0.0,42.0,9.0,3.0,0.0,0.0,5.0,20.0,20.0,8.0,10.0,3.0,1.0,7.0,0.0,0.0,0.0,0.0,0.0,0.0,86.0
2018,Melbourne City,206041121.0,Kensington (Vic.),390.0,252.0,213.0,180.0,468.0,746.0,759.0,601.0,441.0,358.0,270.0,247.0,228.0,155.0,120.0,79.0,62.0,35.0,5604.0,402.0,256.0,186.0,201.0,473.0,790.0,838.0,581.0,452.0,391.0,297.0,242.0,222.0,196.0,142.0,86.0,61.0,73.0,5889.0,792.0,508.0,399.0,381.0,941.0,1536.0,1597.0,1182.0,893.0,749.0,567.0,489.0,450.0,351.0,262.0,165.0,123.0,108.0,11493.0
2018,Melbourne City,206041124.0,Parkville,152.0,71.0,77.0,564.0,910.0,575.0,374.0,227.0,124.0,115.0,109.0,104.0,97.0,90.0,92.0,61.0,43.0,63.0,3848.0,153.0,86.0,55.0,833.0,1000.0,570.0,355.0,218.0,147.0,98.0,111.0,113.0,115.0,93.0,105.0,70.0,73.0,199.0,4394.0,305.0,157.0,132.0,1397.0,1910.0,1145.0,729.0,445.0,271.0,213.0,220.0,217.0,212.0,183.0,197.0,131.0,116.0,262.0,8242.0
2018,Melbourne City,206041125.0,South Yarra - West,116.0,91.0,78.0,178.0,216.0,412.0,429.0,288.0,196.0,172.0,151.0,160.0,167.0,170.0,182.0,125.0,71.0,102.0,3304.0,122.0,92.0,86.0,127.0,291.0,523.0,456.0,274.0,208.0,195.0,166.0,187.0,179.0,176.0,204.0,114.0,91.0,162.0,3653.0,238.0,183.0,164.0,305.0,507.0,935.0,885.0,562.0,404.0,367.0,317.0,347.0,346.0,346.0,386.0,239.0,162.0,264.0,6957.0
2018,Melbourne City,206041127.0,West Melbourne - Industrial,0.0,0.0,0.0,0.0,0.0,0.0,0.0,0.0,0.0,0.0,0.0,2.0,0.0,0.0,0.0,0.0,0.0,0.0,2.0,0.0,0.0,0.0,0.0,0.0,0.0,0.0,0.0,0.0,0.0,0.0,0.0,1.0,0.0,0.0,0.0,0.0,0.0,1.0,0.0,0.0,0.0,0.0,0.0,0.0,0.0,0.0,0.0,0.0,0.0,2.0,1.0,0.0,0.0,0.0,0.0,0.0,3.0
2018,Melbourne City,206041503.0,Melbourne CBD - East,141.0,82.0,55.0,342.0,1434.0,1269.0,879.0,554.0,362.0,244.0,194.0,192.0,153.0,148.0,113.0,65.0,29.0,29.0,6285.0,134.0,81.0,64.0,359.0,1525.0,1303.0,805.0,474.0,226.0,204.0,197.0,188.0,143.0,160.0,71.0,57.0,24.0,22.0,6037.0,275.0,163.0,119.0,701.0,2959.0,2572.0,1684.0,1028.0,588.0,448.0,391.0,380.0,296.0,308.0,184.0,122.0,53.0,51.0,12322.0
2018,Melbourne City,206041504.0,Melbourne CBD - North,129.0,68.0,59.0,751.0,2874.0,1932.0,1039.0,512.0,272.0,165.0,117.0,96.0,73.0,73.0,51.0,21.0,8.0,10.0,8250.0,146.0,70.0,37.0,1094.0,3439.0,1945.0,934.0,429.0,202.0,158.0,120.0,96.0,90.0,58.0,32.0,15.0,9.0,7.0,8881.0,275.0,138.0,96.0,1845.0,6313.0,3877.0,1973.0,941.0,474.0,323.0,237.0,192.0,163.0,131.0,83.0,36.0,17.0,17.0,17131.0
2018,Melbourne City,206041505.0,Melbourne CBD - West,205.0,102.0,46.0,441.0,2201.0,2404.0,1626.0,763.0,403.0,232.0,203.0,171.0,144.0,101.0,61.0,30.0,15.0,9.0,9157.0,206.0,64.0,41.0,550.0,2457.0,2429.0,1367.0,631.0,303.0,247.0,176.0,162.0,132.0,66.0,72.0,23.0,9.0,9.0,8944.0,411.0,166.0,87.0,991.0,4658.0,4833.0,2993.0,1394.0,706.0,479.0,379.0,333.0,276.0,167.0,133.0,53.0,24.0,18.0,18101.0
2018,Melbourne City,206041506.0,North Melbourne,420.0,345.0,288.0,477.0,1381.0,1437.0,999.0,709.0,564.0,442.0,353.0,328.0,251.0,206.0,154.0,102.0,56.0,55.0,8567.0,495.0,289.0,281.0,578.0,1669.0,1396.0,965.0,639.0,572.0,513.0,383.0,318.0,290.0,239.0,133.0,121.0,69.0,68.0,9018.0,915.0,634.0,569.0,1055.0,3050.0,2833.0,1964.0,1348.0,1136.0,955.0,736.0,646.0,541.0,445.0,287.0,223.0,125.0,123.0,17585.0
2018,Melbourne City,206041507.0,Royal Botanic Gardens Victoria,0.0,0.0,0.0,0.0,0.0,0.0,0.0,0.0,0.0,0.0,0.0,0.0,0.0,0.0,0.0,0.0,0.0,0.0,0.0,0.0,0.0,0.0,0.0,0.0,0.0,0.0,0.0,0.0,0.0,0.0,0.0,0.0,0.0,0.0,0.0,0.0,0.0,0.0,0.0,0.0,0.0,0.0,0.0,0.0,0.0,0.0,0.0,0.0,0.0,0.0,0.0,0.0,0.0,0.0,0.0,0.0,0.0
2018,Melbourne City,206041508.0,Southbank (West) - South Wharf,132.0,75.0,34.0,92.0,476.0,745.0,673.0,450.0,238.0,194.0,167.0,177.0,134.0,107.0,94.0,32.0,33.0,23.0,3876.0,162.0,61.0,33.0,153.0,554.0,743.0,570.0,340.0,171.0,183.0,145.0,165.0,116.0,111.0,89.0,53.0,20.0,13.0,3682.0,294.0,136.0,67.0,245.0,1030.0,1488.0,1243.0,790.0,409.0,377.0,312.0,342.0,250.0,218.0,183.0,85.0,53.0,36.0,7558.0
2018,Melbourne City,206041509.0,Southbank - East,265.0,125.0,60.0,245.0,1308.0,1905.0,1517.0,861.0,437.0,304.0,241.0,182.0,148.0,139.0,116.0,58.0,21.0,13.0,7945.0,252.0,106.0,54.0,340.0,1398.0,1849.0,1417.0,710.0,339.0,243.0,219.0,191.0,193.0,157.0,106.0,45.0,10.0,21.0,7650.0,517.0,231.0,114.0,585.0,2706.0,3754.0,2934.0,1571.0,776.0,547.0,460.0,373.0,341.0,296.0,222.0,103.0,31.0,34.0,15595.0
2018,Melbourne City,206041510.0,West Melbourne - Residential,106.0,73.0,74.0,110.0,540.0,781.0,632.0,342.0,247.0,168.0,138.0,99.0,69.0,51.0,39.0,24.0,2.0,5.0,3500.0,113.0,79.0,69.0,117.0,550.0,712.0,500.0,280.0,166.0,121.0,113.0,74.0,70.0,58.0,36.0,20.0,11.0,9.0,3098.0,219.0,152.0,143.0,227.0,1090.0,1493.0,1132.0,622.0,413.0,289.0,251.0,173.0,139.0,109.0,75.0,44.0,13.0,14.0,6598.0
2018,Port Phillip,206051128.0,Albert Park,459.0,389.0,359.0,329.0,459.0,673.0,729.0,746.0,608.0,566.0,548.0,523.0,467.0,463.0,439.0,264.0,147.0,124.0,8292.0,434.0,400.0,357.0,328.0,492.0,718.0,796.0,666.0,608.0,671.0,602.0,501.0,455.0,439.0,421.0,253.0,145.0,150.0,8436.0,893.0,789.0,716.0,657.0,951.0,1391.0,1525.0,1412.0,1216.0,1237.0,1150.0,1024.0,922.0,902.0,860.0,517.0,292.0,274.0,16728.0
2018,Port Phillip,206051129.0,Elwood,477.0,366.0,338.0,266.0,415.0,782.0,965.0,775.0,643.0,659.0,513.0,482.0,357.0,272.0,189.0,111.0,57.0,49.0,7716.0,457.0,372.0,309.0,245.0,526.0,1040.0,1124.0,885.0,713.0,718.0,557.0,493.0,391.0,250.0,205.0,107.0,82.0,78.0,8552.0,934.0,738.0,647.0,511.0,941.0,1822.0,2089.0,1660.0,1356.0,1377.0,1070.0,975.0,748.0,522.0,394.0,218.0,139.0,127.0,16268.0
2018,Port Phillip,206051130.0,Port Melbourne,543.0,388.0,365.0,267.0,334.0,582.0,796.0,770.0,721.0,692.0,589.0,598.0,456.0,441.0,359.0,224.0,123.0,102.0,8350.0,563.0,394.0,302.0,273.0,371.0,710.0,881.0,885.0,777.0,788.0,578.0,591.0,509.0,489.0,377.0,234.0,164.0,118.0,9004.0,1106.0,782.0,667.0,540.0,705.0,1292.0,1677.0,1655.0,1498.0,1480.0,1167.0,1189.0,965.0,930.0,736.0,458.0,287.0,220.0,17354.0
2018,Port Phillip,206051134.0,St Kilda East,520.0,407.0,289.0,274.0,684.0,1314.0,1226.0,888.0,631.0,616.0,512.0,381.0,341.0,239.0,195.0,102.0,93.0,70.0,8782.0,504.0,418.0,277.0,271.0,769.0,1403.0,1189.0,842.0,673.0,593.0,433.0,382.0,328.0,248.0,206.0,129.0,103.0,105.0,8873.0,1024.0,825.0,566.0,545.0,1453.0,2717.0,2415.0,1730.0,1304.0,1209.0,945.0,763.0,669.0,487.0,401.0,231.0,196.0,175.0,17655.0
2018,Port Phillip,206051511.0,Port Melbourne Industrial,14.0,11.0,9.0,15.0,36.0,92.0,85.0,52.0,30.0,31.0,22.0,9.0,5.0,1.0,4.0,1.0,0.0,0.0,417.0,13.0,9.0,7.0,11.0,41.0,87.0,73.0,46.0,24.0,21.0,14.0,7.0,9.0,2.0,1.0,1.0,1.0,1.0,368.0,27.0,20.0,16.0,26.0,77.0,179.0,158.0,98.0,54.0,52.0,36.0,16.0,14.0,3.0,5.0,2.0,1.0,1.0,785.0
2018,Port Phillip,206051512.0,South Melbourne,318.0,269.0,182.0,183.0,400.0,695.0,742.0,563.0,482.0,472.0,377.0,362.0,301.0,269.0,220.0,135.0,120.0,91.0,6181.0,305.0,210.0,194.0,232.0,454.0,724.0,740.0,562.0,513.0,460.0,417.0,335.0,367.0,311.0,248.0,159.0,129.0,175.0,6535.0,623.0,479.0,376.0,415.0,854.0,1419.0,1482.0,1125.0,995.0,932.0,794.0,697.0,668.0,580.0,468.0,294.0,249.0,266.0,12716.0
2018,Port Phillip,206051513.0,St Kilda - Central,251.0,173.0,104.0,123.0,510.0,1158.0,1147.0,707.0,617.0,547.0,381.0,414.0,245.0,226.0,160.0,88.0,45.0,47.0,6943.0,268.0,154.0,109.0,127.0,624.0,1257.0,1036.0,681.0,446.0,453.0,396.0,329.0,239.0,191.0,131.0,84.0,66.0,55.0,6646.0,519.0,327.0,213.0,250.0,1134.0,2415.0,2183.0,1388.0,1063.0,1000.0,777.0,743.0,484.0,417.0,291.0,172.0,111.0,102.0,13589.0
2018,Port Phillip,206051514.0,St Kilda - West,238.0,173.0,164.0,192.0,555.0,1078.0,1079.0,797.0,619.0,557.0,537.0,544.0,420.0,327.0,253.0,146.0,89.0,109.0,7877.0,274.0,193.0,160.0,207.0,655.0,1190.0,1093.0,718.0,529.0,533.0,457.0,498.0,373.0,256.0,216.0,121.0,99.0,201.0,7773.0,512.0,366.0,324.0,399.0,1210.0,2268.0,2172.0,1515.0,1148.0,1090.0,994.0,1042.0,793.0,583.0,469.0,267.0,188.0,310.0,15650.0
2019,Melbourne City,206041117.0,Carlton,245.0,205.0,173.0,889.0,2696.0,1969.0,1108.0,594.0,454.0,368.0,238.0,234.0,204.0,174.0,162.0,111.0,88.0,83.0,9995.0,226.0,186.0,143.0,1253.0,3192.0,2032.0,1053.0,682.0,385.0,322.0,272.0,280.0,248.0,218.0,192.0,123.0,105.0,122.0,11034.0,471.0,391.0,316.0,2142.0,5888.0,4001.0,2161.0,1276.0,839.0,690.0,510.0,514.0,452.0,392.0,354.0,234.0,193.0,205.0,21029.0
2019,Melbourne City,206041118.0,Docklands,402.0,171.0,78.0,195.0,1012.0,1706.0,1627.0,958.0,539.0,420.0,357.0,334.0,283.0,197.0,163.0,68.0,36.0,14.0,8560.0,378.0,151.0,88.0,223.0,1038.0,1645.0,1391.0,756.0,385.0,377.0,370.0,330.0,248.0,181.0,140.0,59.0,33.0,16.0,7809.0,780.0,322.0,166.0,418.0,2050.0,3351.0,3018.0,1714.0,924.0,797.0,727.0,664.0,531.0,378.0,303.0,127.0,69.0,30.0,16369.0
2019,Melbourne City,206041119.0,East Melbourne,96.0,48.0,38.0,51.0,176.0,351.0,325.0,248.0,171.0,131.0,147.0,162.0,166.0,164.0,154.0,83.0,40.0,42.0,2593.0,122.0,55.0,41.0,63.0,203.0,381.0,351.0,243.0,155.0,148.0,144.0,194.0,180.0,190.0,135.0,78.0,55.0,85.0,2823.0,218.0,103.0,79.0,114.0,379.0,732.0,676.0,491.0,326.0,279.0,291.0,356.0,346.0,354.0,289.0,161.0,95.0,127.0,5416.0
2019,Melbourne City,206041120.0,Flemington Racecourse,8.0,0.0,0.0,0.0,3.0,11.0,8.0,3.0,6.0,4.0,0.0,3.0,0.0,0.0,0.0,0.0,0.0,0.0,46.0,0.0,2.0,1.0,0.0,2.0,8.0,11.0,4.0,3.0,3.0,1.0,2.0,0.0,0.0,0.0,0.0,0.0,0.0,37.0,8.0,2.0,1.0,0.0,5.0,19.0,19.0,7.0,9.0,7.0,1.0,5.0,0.0,0.0,0.0,0.0,0.0,0.0,83.0
2019,Melbourne City,206041121.0,Kensington (Vic.),381.0,258.0,216.0,193.0,466.0,711.0,761.0,606.0,449.0,376.0,306.0,234.0,236.0,158.0,130.0,80.0,61.0,43.0,5665.0,410.0,251.0,201.0,202.0,466.0,757.0,807.0,603.0,477.0,417.0,311.0,257.0,219.0,192.0,146.0,86.0,67.0,77.0,5946.0,791.0,509.0,417.0,395.0,932.0,1468.0,1568.0,1209.0,926.0,793.0,617.0,491.0,455.0,350.0,276.0,166.0,128.0,120.0,11611.0
2019,Melbourne City,206041124.0,Parkville,151.0,75.0,77.0,575.0,888.0,578.0,388.0,247.0,133.0,114.0,105.0,112.0,88.0,94.0,83.0,66.0,46.0,53.0,3873.0,146.0,87.0,61.0,879.0,984.0,564.0,369.0,230.0,140.0,119.0,100.0,116.0,104.0,111.0,99.0,68.0,64.0,177.0,4418.0,297.0,162.0,138.0,1454.0,1872.0,1142.0,757.0,477.0,273.0,233.0,205.0,228.0,192.0,205.0,182.0,134.0,110.0,230.0,8291.0
2019,Melbourne City,206041125.0,South Yarra - West,125.0,89.0,79.0,176.0,208.0,411.0,432.0,309.0,209.0,174.0,159.0,170.0,163.0,159.0,197.0,133.0,84.0,96.0,3373.0,119.0,89.0,101.0,118.0,276.0,524.0,460.0,283.0,210.0,194.0,168.0,187.0,188.0,171.0,205.0,138.0,85.0,166.0,3682.0,244.0,178.0,180.0,294.0,484.0,935.0,892.0,592.0,419.0,368.0,327.0,357.0,351.0,330.0,402.0,271.0,169.0,262.0,7055.0
2019,Melbourne City,206041127.0,West Melbourne - Industrial,0.0,0.0,0.0,0.0,0.0,0.0,0.0,0.0,0.0,0.0,0.0,0.0,2.0,0.0,0.0,0.0,0.0,0.0,2.0,0.0,0.0,0.0,0.0,0.0,0.0,0.0,0.0,0.0,0.0,0.0,0.0,1.0,0.0,0.0,0.0,0.0,0.0,1.0,0.0,0.0,0.0,0.0,0.0,0.0,0.0,0.0,0.0,0.0,0.0,0.0,3.0,0.0,0.0,0.0,0.0,0.0,3.0
2019,Melbourne City,206041503.0,Melbourne CBD - East,145.0,82.0,62.0,303.0,1401.0,1305.0,898.0,602.0,396.0,262.0,196.0,192.0,172.0,141.0,114.0,65.0,40.0,25.0,6401.0,136.0,82.0,65.0,335.0,1468.0,1346.0,844.0,481.0,274.0,220.0,200.0,201.0,145.0,142.0,91.0,54.0,25.0,20.0,6129.0,281.0,164.0,127.0,638.0,2869.0,2651.0,1742.0,1083.0,670.0,482.0,396.0,393.0,317.0,283.0,205.0,119.0,65.0,45.0,12530.0
2019,Melbourne City,206041504.0,Melbourne CBD - North,128.0,79.0,65.0,709.0,3029.0,2194.0,1168.0,582.0,311.0,183.0,140.0,108.0,83.0,75.0,46.0,25.0,13.0,6.0,8944.0,141.0,81.0,49.0,956.0,3569.0,2197.0,1059.0,520.0,200.0,177.0,133.0,107.0,94.0,68.0,36.0,15.0,12.0,7.0,9421.0,269.0,160.0,114.0,1665.0,6598.0,4391.0,2227.0,1102.0,511.0,360.0,273.0,215.0,177.0,143.0,82.0,40.0,25.0,13.0,18365.0
2019,Melbourne City,206041505.0,Melbourne CBD - West,196.0,117.0,56.0,393.0,2186.0,2506.0,1741.0,856.0,452.0,257.0,214.0,182.0,138.0,95.0,66.0,30.0,12.0,7.0,9504.0,201.0,66.0,58.0,487.0,2445.0,2551.0,1462.0,696.0,335.0,241.0,215.0,161.0,134.0,84.0,61.0,28.0,14.0,7.0,9246.0,397.0,183.0,114.0,880.0,4631.0,5057.0,3203.0,1552.0,787.0,498.0,429.0,343.0,272.0,179.0,127.0,58.0,26.0,14.0,18750.0
2019,Melbourne City,206041506.0,North Melbourne,452.0,368.0,304.0,457.0,1324.0,1423.0,1055.0,704.0,652.0,462.0,341.0,357.0,258.0,225.0,153.0,107.0,57.0,52.0,8751.0,577.0,288.0,292.0,529.0,1560.0,1391.0,1008.0,694.0,602.0,554.0,383.0,331.0,336.0,252.0,143.0,107.0,76.0,67.0,9190.0,1029.0,656.0,596.0,986.0,2884.0,2814.0,2063.0,1398.0,1254.0,1016.0,724.0,688.0,594.0,477.0,296.0,214.0,133.0,119.0,17941.0
2019,Melbourne City,206041507.0,Royal Botanic Gardens Victoria,0.0,0.0,0.0,0.0,0.0,0.0,0.0,0.0,0.0,0.0,0.0,0.0,0.0,0.0,0.0,0.0,0.0,0.0,0.0,0.0,0.0,0.0,0.0,0.0,0.0,0.0,0.0,0.0,0.0,0.0,0.0,0.0,0.0,0.0,0.0,0.0,0.0,0.0,0.0,0.0,0.0,0.0,0.0,0.0,0.0,0.0,0.0,0.0,0.0,0.0,0.0,0.0,0.0,0.0,0.0,0.0,0.0
2019,Melbourne City,206041508.0,Southbank (West) - South Wharf,134.0,88.0,35.0,86.0,448.0,743.0,732.0,462.0,254.0,199.0,171.0,164.0,133.0,108.0,90.0,40.0,33.0,23.0,3943.0,166.0,72.0,39.0,128.0,523.0,769.0,589.0,364.0,191.0,181.0,147.0,166.0,129.0,101.0,95.0,53.0,31.0,10.0,3754.0,300.0,160.0,74.0,214.0,971.0,1512.0,1321.0,826.0,445.0,380.0,318.0,330.0,262.0,209.0,185.0,93.0,64.0,33.0,7697.0
2019,Melbourne City,206041509.0,Southbank - East,278.0,137.0,66.0,226.0,1356.0,2071.0,1632.0,978.0,494.0,330.0,247.0,211.0,154.0,144.0,112.0,67.0,30.0,14.0,8547.0,252.0,118.0,70.0,311.0,1437.0,2004.0,1533.0,804.0,373.0,272.0,218.0,196.0,201.0,166.0,117.0,52.0,14.0,20.0,8158.0,530.0,255.0,136.0,537.0,2793.0,4075.0,3165.0,1782.0,867.0,602.0,465.0,407.0,355.0,310.0,229.0,119.0,44.0,34.0,16705.0
2019,Melbourne City,206041510.0,West Melbourne - Residential,108.0,79.0,79.0,113.0,561.0,828.0,680.0,378.0,259.0,181.0,139.0,113.0,73.0,50.0,43.0,22.0,6.0,2.0,3714.0,115.0,84.0,75.0,121.0,579.0,788.0,556.0,311.0,184.0,137.0,114.0,93.0,79.0,60.0,40.0,19.0,13.0,9.0,3377.0,223.0,163.0,154.0,234.0,1140.0,1616.0,1236.0,689.0,443.0,318.0,253.0,206.0,152.0,110.0,83.0,41.0,19.0,11.0,7091.0
2019,Port Phillip,206051128.0,Albert Park,416.0,447.0,364.0,329.0,449.0,643.0,720.0,752.0,640.0,624.0,543.0,555.0,495.0,500.0,472.0,319.0,151.0,118.0,8537.0,424.0,426.0,382.0,338.0,464.0,711.0,776.0,663.0,608.0,674.0,610.0,527.0,480.0,441.0,437.0,273.0,158.0,152.0,8544.0,840.0,873.0,746.0,667.0,913.0,1354.0,1496.0,1415.0,1248.0,1298.0,1153.0,1082.0,975.0,941.0,909.0,592.0,309.0,270.0,17081.0
2019,Port Phillip,206051129.0,Elwood,478.0,366.0,335.0,274.0,404.0,755.0,927.0,760.0,619.0,667.0,531.0,472.0,381.0,284.0,203.0,112.0,60.0,55.0,7683.0,459.0,365.0,332.0,236.0,505.0,1014.0,1069.0,880.0,674.0,734.0,586.0,505.0,408.0,272.0,212.0,109.0,83.0,76.0,8519.0,937.0,731.0,667.0,510.0,909.0,1769.0,1996.0,1640.0,1293.0,1401.0,1117.0,977.0,789.0,556.0,415.0,221.0,143.0,131.0,16202.0
2019,Port Phillip,206051130.0,Port Melbourne,534.0,376.0,367.0,319.0,302.0,537.0,750.0,741.0,703.0,702.0,618.0,589.0,495.0,434.0,376.0,241.0,133.0,105.0,8322.0,554.0,412.0,326.0,290.0,345.0,661.0,827.0,819.0,811.0,800.0,603.0,603.0,522.0,480.0,396.0,251.0,169.0,119.0,8988.0,1088.0,788.0,693.0,609.0,647.0,1198.0,1577.0,1560.0,1514.0,1502.0,1221.0,1192.0,1017.0,914.0,772.0,492.0,302.0,224.0,17310.0
2019,Port Phillip,206051134.0,St Kilda East,525.0,395.0,314.0,270.0,679.0,1285.0,1214.0,888.0,614.0,644.0,525.0,408.0,359.0,229.0,202.0,110.0,84.0,73.0,8818.0,508.0,432.0,302.0,279.0,747.0,1353.0,1167.0,839.0,673.0,595.0,463.0,391.0,348.0,250.0,210.0,124.0,111.0,105.0,8897.0,1033.0,827.0,616.0,549.0,1426.0,2638.0,2381.0,1727.0,1287.0,1239.0,988.0,799.0,707.0,479.0,412.0,234.0,195.0,178.0,17715.0
2019,Port Phillip,206051511.0,Port Melbourne Industrial,27.0,18.0,21.0,19.0,59.0,149.0,140.0,78.0,48.0,49.0,37.0,18.0,10.0,4.0,6.0,1.0,0.0,0.0,684.0,19.0,17.0,15.0,15.0,66.0,140.0,119.0,74.0,38.0,36.0,26.0,12.0,10.0,9.0,2.0,0.0,0.0,1.0,599.0,46.0,35.0,36.0,34.0,125.0,289.0,259.0,152.0,86.0,85.0,63.0,30.0,20.0,13.0,8.0,1.0,0.0,1.0,1283.0
2019,Port Phillip,206051512.0,South Melbourne,317.0,274.0,197.0,185.0,392.0,679.0,725.0,566.0,464.0,493.0,386.0,361.0,329.0,227.0,251.0,136.0,118.0,103.0,6203.0,290.0,209.0,206.0,237.0,432.0,705.0,715.0,560.0,537.0,452.0,429.0,363.0,349.0,329.0,276.0,163.0,135.0,174.0,6561.0,607.0,483.0,403.0,422.0,824.0,1384.0,1440.0,1126.0,1001.0,945.0,815.0,724.0,678.0,556.0,527.0,299.0,253.0,277.0,12764.0
2019,Port Phillip,206051513.0,St Kilda - Central,239.0,160.0,111.0,119.0,495.0,1129.0,1137.0,735.0,617.0,559.0,426.0,438.0,247.0,237.0,157.0,96.0,51.0,37.0,6990.0,259.0,153.0,111.0,129.0,593.0,1248.0,1046.0,705.0,451.0,465.0,405.0,339.0,253.0,192.0,138.0,75.0,75.0,49.0,6686.0,498.0,313.0,222.0,248.0,1088.0,2377.0,2183.0,1440.0,1068.0,1024.0,831.0,777.0,500.0,429.0,295.0,171.0,126.0,86.0,13676.0
2019,Port Phillip,206051514.0,St Kilda - West,238.0,171.0,173.0,194.0,532.0,1062.0,1052.0,786.0,593.0,623.0,510.0,601.0,432.0,353.0,264.0,154.0,93.0,110.0,7941.0,270.0,186.0,163.0,201.0,610.0,1187.0,1066.0,740.0,521.0,559.0,483.0,520.0,413.0,257.0,231.0,118.0,103.0,198.0,7826.0,508.0,357.0,336.0,395.0,1142.0,2249.0,2118.0,1526.0,1114.0,1182.0,993.0,1121.0,845.0,610.0,495.0,272.0,196.0,308.0,15767.0
2020,Melbourne City,206041117.0,Carlton,231.0,196.0,182.0,751.0,2563.0,2075.0,1196.0,634.0,484.0,398.0,261.0,230.0,204.0,183.0,174.0,112.0,95.0,97.0,10066.0,212.0,178.0,133.0,1003.0,2916.0,2126.0,1112.0,679.0,463.0,335.0,277.0,302.0,247.0,238.0,201.0,139.0,107.0,131.0,10799.0,443.0,374.0,315.0,1754.0,5479.0,4201.0,2308.0,1313.0,947.0,733.0,538.0,532.0,451.0,421.0,375.0,251.0,202.0,228.0,20865.0
2020,Melbourne City,206041118.0,Docklands,393.0,185.0,79.0,167.0,958.0,1698.0,1717.0,1034.0,579.0,420.0,366.0,339.0,287.0,200.0,168.0,76.0,34.0,15.0,8715.0,377.0,162.0,84.0,188.0,973.0,1649.0,1492.0,825.0,418.0,355.0,377.0,352.0,254.0,180.0,142.0,71.0,39.0,18.0,7956.0,770.0,347.0,163.0,355.0,1931.0,3347.0,3209.0,1859.0,997.0,775.0,743.0,691.0,541.0,380.0,310.0,147.0,73.0,33.0,16671.0
2020,Melbourne City,206041119.0,East Melbourne,84.0,48.0,41.0,51.0,163.0,334.0,322.0,248.0,179.0,122.0,154.0,158.0,172.0,164.0,159.0,103.0,42.0,38.0,2582.0,105.0,56.0,44.0,62.0,190.0,354.0,331.0,251.0,160.0,146.0,150.0,193.0,179.0,199.0,153.0,91.0,52.0,85.0,2801.0,189.0,104.0,85.0,113.0,353.0,688.0,653.0,499.0,339.0,268.0,304.0,351.0,351.0,363.0,312.0,194.0,94.0,123.0,5383.0
2020,Melbourne City,206041120.0,Flemington Racecourse,5.0,0.0,0.0,0.0,2.0,13.0,10.0,4.0,4.0,5.0,1.0,2.0,1.0,0.0,0.0,0.0,0.0,0.0,47.0,0.0,1.0,1.0,0.0,1.0,9.0,9.0,5.0,2.0,4.0,0.0,2.0,0.0,0.0,0.0,0.0,0.0,0.0,34.0,5.0,1.0,1.0,0.0,3.0,22.0,19.0,9.0,6.0,9.0,1.0,4.0,1.0,0.0,0.0,0.0,0.0,0.0,81.0
2020,Melbourne City,206041121.0,Kensington (Vic.),355.0,262.0,210.0,198.0,441.0,652.0,752.0,604.0,441.0,369.0,321.0,244.0,234.0,165.0,144.0,74.0,62.0,45.0,5573.0,387.0,258.0,208.0,191.0,438.0,701.0,758.0,626.0,457.0,423.0,323.0,266.0,219.0,190.0,156.0,94.0,63.0,85.0,5843.0,742.0,520.0,418.0,389.0,879.0,1353.0,1510.0,1230.0,898.0,792.0,644.0,510.0,453.0,355.0,300.0,168.0,125.0,130.0,11416.0
2020,Melbourne City,206041124.0,Parkville,133.0,77.0,85.0,571.0,849.0,577.0,401.0,271.0,150.0,104.0,118.0,115.0,93.0,93.0,82.0,65.0,50.0,48.0,3882.0,130.0,85.0,72.0,903.0,959.0,558.0,392.0,232.0,146.0,140.0,101.0,113.0,104.0,108.0,101.0,68.0,63.0,161.0,4436.0,263.0,162.0,157.0,1474.0,1808.0,1135.0,793.0,503.0,296.0,244.0,219.0,228.0,197.0,201.0,183.0,133.0,113.0,209.0,8318.0
2020,Melbourne City,206041125.0,South Yarra - West,120.0,93.0,84.0,158.0,181.0,387.0,418.0,323.0,207.0,167.0,167.0,171.0,166.0,157.0,195.0,138.0,103.0,95.0,3330.0,115.0,85.0,104.0,117.0,246.0,500.0,445.0,292.0,201.0,189.0,173.0,169.0,192.0,189.0,198.0,159.0,99.0,157.0,3630.0,235.0,178.0,188.0,275.0,427.0,887.0,863.0,615.0,408.0,356.0,340.0,340.0,358.0,346.0,393.0,297.0,202.0,252.0,6960.0
2020,Melbourne City,206041127.0,West Melbourne - Industrial,0.0,0.0,0.0,0.0,0.0,0.0,0.0,0.0,0.0,0.0,0.0,0.0,0.0,0.0,0.0,0.0,0.0,0.0,0.0,0.0,0.0,0.0,0.0,0.0,0.0,0.0,0.0,0.0,0.0,0.0,0.0,0.0,0.0,0.0,0.0,0.0,0.0,0.0,0.0,0.0,0.0,0.0,0.0,0.0,0.0,0.0,0.0,0.0,0.0,0.0,0.0,0.0,0.0,0.0,0.0,0.0,0.0
2020,Melbourne City,206041503.0,Melbourne CBD - East,136.0,84.0,64.0,247.0,1284.0,1283.0,901.0,640.0,433.0,265.0,214.0,194.0,178.0,142.0,103.0,67.0,38.0,25.0,6298.0,128.0,88.0,70.0,285.0,1339.0,1342.0,863.0,497.0,313.0,228.0,197.0,214.0,142.0,142.0,95.0,56.0,32.0,17.0,6048.0,264.0,172.0,134.0,532.0,2623.0,2625.0,1764.0,1137.0,746.0,493.0,411.0,408.0,320.0,284.0,198.0,123.0,70.0,42.0,12346.0
2020,Melbourne City,206041504.0,Melbourne CBD - North,114.0,80.0,77.0,621.0,3039.0,2395.0,1290.0,652.0,329.0,222.0,154.0,139.0,78.0,72.0,57.0,31.0,17.0,4.0,9371.0,124.0,92.0,61.0,780.0,3586.0,2409.0,1187.0,596.0,239.0,196.0,151.0,118.0,99.0,66.0,45.0,23.0,7.0,5.0,9784.0,238.0,172.0,138.0,1401.0,6625.0,4804.0,2477.0,1248.0,568.0,418.0,305.0,257.0,177.0,138.0,102.0,54.0,24.0,9.0,19155.0
2020,Melbourne City,206041505.0,Melbourne CBD - West,191.0,103.0,66.0,329.0,2052.0,2516.0,1821.0,938.0,503.0,264.0,210.0,198.0,135.0,95.0,73.0,29.0,20.0,3.0,9546.0,182.0,77.0,57.0,405.0,2312.0,2579.0,1529.0,755.0,372.0,246.0,225.0,168.0,134.0,98.0,54.0,34.0,19.0,4.0,9250.0,373.0,180.0,123.0,734.0,4364.0,5095.0,3350.0,1693.0,875.0,510.0,435.0,366.0,269.0,193.0,127.0,63.0,39.0,7.0,18796.0
2020,Melbourne City,206041506.0,North Melbourne,416.0,395.0,349.0,424.0,1225.0,1389.0,1112.0,710.0,683.0,480.0,429.0,361.0,269.0,250.0,162.0,111.0,55.0,49.0,8869.0,488.0,408.0,305.0,469.0,1420.0,1366.0,1059.0,678.0,714.0,571.0,398.0,384.0,356.0,266.0,158.0,102.0,71.0,72.0,9285.0,904.0,803.0,654.0,893.0,2645.0,2755.0,2171.0,1388.0,1397.0,1051.0,827.0,745.0,625.0,516.0,320.0,213.0,126.0,121.0,18154.0
2020,Melbourne City,206041507.0,Royal Botanic Gardens Victoria,0.0,0.0,0.0,0.0,0.0,0.0,0.0,0.0,0.0,0.0,0.0,0.0,0.0,0.0,0.0,0.0,0.0,0.0,0.0,0.0,0.0,0.0,0.0,0.0,0.0,0.0,0.0,0.0,0.0,0.0,0.0,0.0,0.0,0.0,0.0,0.0,0.0,0.0,0.0,0.0,0.0,0.0,0.0,0.0,0.0,0.0,0.0,0.0,0.0,0.0,0.0,0.0,0.0,0.0,0.0,0.0,0.0
2020,Melbourne City,206041508.0,Southbank (West) - South Wharf,131.0,86.0,47.0,77.0,390.0,716.0,748.0,470.0,264.0,199.0,163.0,158.0,129.0,104.0,89.0,52.0,26.0,22.0,3871.0,155.0,74.0,45.0,100.0,462.0,759.0,597.0,364.0,211.0,192.0,132.0,161.0,135.0,104.0,94.0,52.0,32.0,11.0,3680.0,286.0,160.0,92.0,177.0,852.0,1475.0,1345.0,834.0,475.0,391.0,295.0,319.0,264.0,208.0,183.0,104.0,58.0,33.0,7551.0
2020,Melbourne City,206041509.0,Southbank - East,278.0,144.0,75.0,203.0,1316.0,2152.0,1713.0,1081.0,542.0,343.0,261.0,220.0,158.0,138.0,119.0,65.0,41.0,10.0,8859.0,240.0,133.0,75.0,273.0,1403.0,2084.0,1617.0,885.0,417.0,299.0,222.0,206.0,202.0,166.0,127.0,58.0,26.0,13.0,8446.0,518.0,277.0,150.0,476.0,2719.0,4236.0,3330.0,1966.0,959.0,642.0,483.0,426.0,360.0,304.0,246.0,123.0,67.0,23.0,17305.0
2020,Melbourne City,206041510.0,West Melbourne - Residential,106.0,91.0,83.0,109.0,560.0,862.0,732.0,422.0,276.0,200.0,147.0,121.0,74.0,62.0,45.0,25.0,4.0,1.0,3920.0,131.0,79.0,79.0,120.0,588.0,854.0,618.0,346.0,204.0,158.0,122.0,108.0,87.0,61.0,47.0,23.0,16.0,6.0,3647.0,237.0,170.0,162.0,229.0,1148.0,1716.0,1350.0,768.0,480.0,358.0,269.0,229.0,161.0,123.0,92.0,48.0,20.0,7.0,7567.0
2020,Port Phillip,206051128.0,Albert Park,374.0,428.0,392.0,325.0,433.0,634.0,681.0,722.0,656.0,615.0,551.0,530.0,519.0,490.0,460.0,350.0,169.0,120.0,8449.0,382.0,443.0,382.0,342.0,427.0,699.0,755.0,677.0,567.0,663.0,627.0,555.0,497.0,417.0,431.0,308.0,180.0,154.0,8506.0,756.0,871.0,774.0,667.0,860.0,1333.0,1436.0,1399.0,1223.0,1278.0,1178.0,1085.0,1016.0,907.0,891.0,658.0,349.0,274.0,16955.0
2020,Port Phillip,206051129.0,Elwood,447.0,347.0,349.0,279.0,379.0,714.0,884.0,744.0,600.0,637.0,559.0,463.0,404.0,298.0,220.0,104.0,68.0,54.0,7550.0,429.0,354.0,340.0,227.0,473.0,971.0,1008.0,878.0,647.0,722.0,586.0,516.0,440.0,287.0,215.0,122.0,81.0,79.0,8375.0,876.0,701.0,689.0,506.0,852.0,1685.0,1892.0,1622.0,1247.0,1359.0,1145.0,979.0,844.0,585.0,435.0,226.0,149.0,133.0,15925.0
2020,Port Phillip,206051130.0,Port Melbourne,495.0,369.0,381.0,328.0,298.0,490.0,686.0,705.0,675.0,688.0,659.0,560.0,504.0,421.0,384.0,245.0,148.0,110.0,8146.0,510.0,433.0,351.0,275.0,319.0,599.0,759.0,789.0,804.0,790.0,622.0,607.0,542.0,470.0,408.0,281.0,171.0,122.0,8852.0,1005.0,802.0,732.0,603.0,617.0,1089.0,1445.0,1494.0,1479.0,1478.0,1281.0,1167.0,1046.0,891.0,792.0,526.0,319.0,232.0,16998.0
2020,Port Phillip,206051134.0,St Kilda East,501.0,347.0,333.0,249.0,644.0,1215.0,1189.0,883.0,604.0,614.0,517.0,436.0,327.0,249.0,202.0,112.0,83.0,72.0,8577.0,455.0,414.0,303.0,280.0,707.0,1284.0,1149.0,842.0,636.0,599.0,477.0,386.0,350.0,246.0,217.0,126.0,113.0,98.0,8682.0,956.0,761.0,636.0,529.0,1351.0,2499.0,2338.0,1725.0,1240.0,1213.0,994.0,822.0,677.0,495.0,419.0,238.0,196.0,170.0,17259.0
2020,Port Phillip,206051511.0,Port Melbourne Industrial,39.0,25.0,28.0,18.0,79.0,203.0,183.0,103.0,62.0,64.0,47.0,27.0,19.0,6.0,3.0,5.0,0.0,0.0,911.0,28.0,24.0,12.0,24.0,85.0,187.0,154.0,98.0,59.0,43.0,31.0,22.0,14.0,12.0,3.0,2.0,0.0,0.0,798.0,67.0,49.0,40.0,42.0,164.0,390.0,337.0,201.0,121.0,107.0,78.0,49.0,33.0,18.0,6.0,7.0,0.0,0.0,1709.0
2020,Port Phillip,206051512.0,South Melbourne,315.0,266.0,205.0,198.0,370.0,651.0,706.0,571.0,448.0,470.0,419.0,374.0,345.0,226.0,241.0,157.0,104.0,121.0,6187.0,260.0,219.0,207.0,226.0,395.0,674.0,686.0,567.0,538.0,456.0,434.0,390.0,358.0,326.0,306.0,168.0,144.0,180.0,6534.0,575.0,485.0,412.0,424.0,765.0,1325.0,1392.0,1138.0,986.0,926.0,853.0,764.0,703.0,552.0,547.0,325.0,248.0,301.0,12721.0
2020,Port Phillip,206051513.0,St Kilda - Central,216.0,155.0,118.0,118.0,452.0,1068.0,1117.0,762.0,567.0,558.0,430.0,398.0,305.0,220.0,171.0,96.0,48.0,34.0,6833.0,236.0,149.0,120.0,125.0,535.0,1192.0,1040.0,716.0,454.0,441.0,390.0,366.0,264.0,190.0,138.0,76.0,74.0,41.0,6547.0,452.0,304.0,238.0,243.0,987.0,2260.0,2157.0,1478.0,1021.0,999.0,820.0,764.0,569.0,410.0,309.0,172.0,122.0,75.0,13380.0
2020,Port Phillip,206051514.0,St Kilda - West,237.0,160.0,187.0,184.0,487.0,1021.0,1012.0,776.0,597.0,626.0,533.0,579.0,462.0,390.0,265.0,174.0,93.0,96.0,7879.0,246.0,181.0,168.0,185.0,545.0,1163.0,1032.0,763.0,526.0,556.0,500.0,509.0,428.0,286.0,254.0,128.0,106.0,193.0,7769.0,483.0,341.0,355.0,369.0,1032.0,2184.0,2044.0,1539.0,1123.0,1182.0,1033.0,1088.0,890.0,676.0,519.0,302.0,199.0,289.0,15648.0
2021,Melbourne City,206041117.0,Carlton,177.0,154.0,164.0,526.0,2005.0,1813.0,1102.0,585.0,378.0,305.0,240.0,211.0,184.0,155.0,156.0,111.0,96.0,94.0,8456.0,154.0,150.0,123.0,659.0,2149.0,1811.0,985.0,548.0,314.0,252.0,262.0,251.0,205.0,197.0,180.0,133.0,108.0,127.0,8608.0,331.0,304.0,287.0,1185.0,4154.0,3624.0,2087.0,1133.0,692.0,557.0,502.0,462.0,389.0,352.0,336.0,244.0,204.0,221.0,17064.0
2021,Melbourne City,206041118.0,Docklands,373.0,201.0,71.0,138.0,823.0,1543.0,1672.0,1044.0,579.0,394.0,355.0,336.0,277.0,192.0,168.0,88.0,32.0,23.0,8309.0,336.0,178.0,91.0,140.0,830.0,1517.0,1496.0,840.0,443.0,337.0,329.0,345.0,249.0,181.0,137.0,74.0,44.0,29.0,7596.0,709.0,379.0,162.0,278.0,1653.0,3060.0,3168.0,1884.0,1022.0,731.0,684.0,681.0,526.0,373.0,305.0,162.0,76.0,52.0,15905.0
2021,Melbourne City,206041119.0,East Melbourne,61.0,43.0,48.0,39.0,133.0,290.0,298.0,230.0,173.0,113.0,150.0,143.0,175.0,138.0,155.0,115.0,46.0,32.0,2382.0,58.0,53.0,43.0,57.0,156.0,297.0,293.0,243.0,153.0,138.0,154.0,177.0,179.0,187.0,163.0,92.0,50.0,84.0,2577.0,119.0,96.0,91.0,96.0,289.0,587.0,591.0,473.0,326.0,251.0,304.0,320.0,354.0,325.0,318.0,207.0,96.0,116.0,4959.0
2021,Melbourne City,206041120.0,Flemington Racecourse,0.0,0.0,0.0,0.0,7.0,16.0,7.0,5.0,4.0,7.0,1.0,2.0,1.0,0.0,0.0,0.0,0.0,0.0,50.0,1.0,0.0,0.0,0.0,1.0,11.0,2.0,6.0,2.0,4.0,0.0,1.0,0.0,0.0,0.0,0.0,0.0,0.0,28.0,1.0,0.0,0.0,0.0,8.0,27.0,9.0,11.0,6.0,11.0,1.0,3.0,1.0,0.0,0.0,0.0,0.0,0.0,78.0
2021,Melbourne City,206041121.0,Kensington (Vic.),318.0,262.0,201.0,195.0,388.0,564.0,727.0,589.0,438.0,336.0,317.0,246.0,231.0,171.0,150.0,69.0,61.0,52.0,5315.0,314.0,270.0,215.0,182.0,392.0,607.0,707.0,636.0,477.0,356.0,331.0,261.0,227.0,176.0,165.0,93.0,68.0,80.0,5557.0,632.0,532.0,416.0,377.0,780.0,1171.0,1434.0,1225.0,915.0,692.0,648.0,507.0,458.0,347.0,315.0,162.0,129.0,132.0,10872.0
2021,Melbourne City,206041124.0,Parkville,113.0,78.0,73.0,505.0,715.0,513.0,384.0,275.0,157.0,104.0,117.0,108.0,96.0,81.0,77.0,64.0,51.0,38.0,3549.0,94.0,76.0,70.0,814.0,800.0,464.0,363.0,206.0,137.0,125.0,104.0,103.0,95.0,88.0,91.0,65.0,63.0,121.0,3879.0,207.0,154.0,143.0,1319.0,1515.0,977.0,747.0,481.0,294.0,229.0,221.0,211.0,191.0,169.0,168.0,129.0,114.0,159.0,7428.0
2021,Melbourne City,206041125.0,South Yarra - West,122.0,87.0,76.0,123.0,141.0,334.0,380.0,318.0,205.0,175.0,150.0,165.0,166.0,154.0,170.0,142.0,109.0,95.0,3112.0,115.0,77.0,93.0,121.0,202.0,431.0,414.0,290.0,191.0,174.0,176.0,150.0,183.0,193.0,190.0,167.0,104.0,153.0,3424.0,237.0,164.0,169.0,244.0,343.0,765.0,794.0,608.0,396.0,349.0,326.0,315.0,349.0,347.0,360.0,309.0,213.0,248.0,6536.0
2021,Melbourne City,206041127.0,West Melbourne - Industrial,0.0,0.0,0.0,0.0,0.0,0.0,0.0,0.0,0.0,0.0,0.0,0.0,0.0,0.0,0.0,0.0,0.0,0.0,0.0,0.0,0.0,0.0,0.0,0.0,0.0,0.0,0.0,0.0,0.0,0.0,0.0,0.0,0.0,0.0,0.0,0.0,0.0,0.0,0.0,0.0,0.0,0.0,0.0,0.0,0.0,0.0,0.0,0.0,0.0,0.0,0.0,0.0,0.0,0.0,0.0,0.0,0.0
2021,Melbourne City,206041503.0,Melbourne CBD - East,113.0,74.0,50.0,151.0,938.0,1025.0,762.0,573.0,370.0,235.0,205.0,165.0,158.0,109.0,99.0,68.0,34.0,17.0,5146.0,102.0,72.0,64.0,203.0,990.0,1095.0,748.0,449.0,277.0,199.0,167.0,178.0,130.0,107.0,95.0,52.0,27.0,18.0,4973.0,215.0,146.0,114.0,354.0,1928.0,2120.0,1510.0,1022.0,647.0,434.0,372.0,343.0,288.0,216.0,194.0,120.0,61.0,35.0,10119.0
2021,Melbourne City,206041504.0,Melbourne CBD - North,104.0,68.0,75.0,478.0,2614.0,2229.0,1249.0,643.0,324.0,228.0,165.0,130.0,91.0,60.0,55.0,29.0,24.0,7.0,8573.0,102.0,83.0,72.0,549.0,3059.0,2228.0,1161.0,579.0,260.0,184.0,149.0,121.0,87.0,59.0,54.0,16.0,15.0,9.0,8787.0,206.0,151.0,147.0,1027.0,5673.0,4457.0,2410.0,1222.0,584.0,412.0,314.0,251.0,178.0,119.0,109.0,45.0,39.0,16.0,17360.0
2021,Melbourne City,206041505.0,Melbourne CBD - West,140.0,87.0,63.0,240.0,1606.0,2125.0,1656.0,886.0,441.0,257.0,203.0,173.0,125.0,87.0,61.0,38.0,22.0,0.0,8210.0,152.0,62.0,55.0,291.0,1825.0,2176.0,1374.0,702.0,356.0,217.0,204.0,157.0,113.0,93.0,48.0,36.0,21.0,6.0,7888.0,292.0,149.0,118.0,531.0,3431.0,4301.0,3030.0,1588.0,797.0,474.0,407.0,330.0,238.0,180.0,109.0,74.0,43.0,6.0,16098.0
2021,Melbourne City,206041506.0,North Melbourne,285.0,315.0,320.0,370.0,1027.0,1244.0,1115.0,693.0,521.0,412.0,317.0,288.0,275.0,224.0,175.0,110.0,53.0,43.0,7787.0,293.0,286.0,322.0,402.0,1214.0,1278.0,1091.0,720.0,524.0,459.0,347.0,306.0,267.0,207.0,193.0,102.0,71.0,76.0,8158.0,578.0,601.0,642.0,772.0,2241.0,2522.0,2206.0,1413.0,1045.0,871.0,664.0,594.0,542.0,431.0,368.0,212.0,124.0,119.0,15945.0
2021,Melbourne City,206041507.0,Royal Botanic Gardens Victoria,0.0,0.0,0.0,0.0,0.0,0.0,0.0,0.0,0.0,0.0,0.0,0.0,0.0,0.0,0.0,0.0,0.0,0.0,0.0,0.0,0.0,0.0,0.0,0.0,0.0,0.0,0.0,0.0,0.0,0.0,0.0,0.0,0.0,0.0,0.0,0.0,0.0,0.0,0.0,0.0,0.0,0.0,0.0,0.0,0.0,0.0,0.0,0.0,0.0,0.0,0.0,0.0,0.0,0.0,0.0,0.0,0.0
2021,Melbourne City,206041508.0,Southbank (West) - South Wharf,128.0,69.0,50.0,55.0,284.0,588.0,654.0,433.0,253.0,185.0,142.0,139.0,129.0,96.0,78.0,46.0,29.0,17.0,3375.0,124.0,76.0,30.0,67.0,345.0,656.0,540.0,344.0,206.0,170.0,128.0,139.0,132.0,92.0,79.0,55.0,37.0,12.0,3232.0,252.0,145.0,80.0,122.0,629.0,1244.0,1194.0,777.0,459.0,355.0,270.0,278.0,261.0,188.0,157.0,101.0,66.0,29.0,6607.0
2021,Melbourne City,206041509.0,Southbank - East,249.0,131.0,94.0,168.0,1129.0,1999.0,1654.0,1097.0,566.0,325.0,271.0,200.0,178.0,129.0,119.0,68.0,41.0,13.0,8431.0,206.0,138.0,84.0,219.0,1228.0,1959.0,1586.0,901.0,433.0,314.0,225.0,198.0,194.0,155.0,133.0,56.0,35.0,11.0,8075.0,455.0,269.0,178.0,387.0,2357.0,3958.0,3240.0,1998.0,999.0,639.0,496.0,398.0,372.0,284.0,252.0,124.0,76.0,24.0,16506.0
2021,Melbourne City,206041510.0,West Melbourne - Residential,117.0,96.0,64.0,115.0,517.0,827.0,754.0,451.0,284.0,207.0,143.0,148.0,69.0,63.0,47.0,24.0,9.0,0.0,3935.0,135.0,67.0,85.0,109.0,545.0,840.0,639.0,362.0,219.0,172.0,136.0,114.0,93.0,66.0,52.0,21.0,19.0,5.0,3679.0,252.0,163.0,149.0,224.0,1062.0,1667.0,1393.0,813.0,503.0,379.0,279.0,262.0,162.0,129.0,99.0,45.0,28.0,5.0,7614.0
2021,Port Phillip,206051128.0,Albert Park,338.0,369.0,352.0,331.0,423.0,630.0,611.0,672.0,590.0,544.0,549.0,514.0,458.0,391.0,374.0,324.0,193.0,130.0,7793.0,363.0,355.0,386.0,341.0,372.0,665.0,733.0,690.0,553.0,588.0,625.0,576.0,464.0,406.0,426.0,332.0,191.0,152.0,8218.0,701.0,724.0,738.0,672.0,795.0,1295.0,1344.0,1362.0,1143.0,1132.0,1174.0,1090.0,922.0,797.0,800.0,656.0,384.0,282.0,16011.0
2021,Port Phillip,206051129.0,Elwood,350.0,342.0,337.0,284.0,326.0,633.0,825.0,727.0,574.0,571.0,572.0,445.0,396.0,287.0,222.0,115.0,67.0,55.0,7128.0,362.0,307.0,307.0,234.0,415.0,883.0,940.0,871.0,624.0,649.0,589.0,489.0,431.0,293.0,218.0,139.0,81.0,72.0,7904.0,712.0,649.0,644.0,518.0,741.0,1516.0,1765.0,1598.0,1198.0,1220.0,1161.0,934.0,827.0,580.0,440.0,254.0,148.0,127.0,15032.0
2021,Port Phillip,206051130.0,Port Melbourne,407.0,374.0,378.0,350.0,280.0,426.0,602.0,665.0,674.0,650.0,671.0,560.0,483.0,409.0,340.0,257.0,159.0,111.0,7796.0,418.0,418.0,360.0,294.0,290.0,515.0,683.0,793.0,766.0,749.0,684.0,588.0,533.0,450.0,427.0,298.0,178.0,126.0,8570.0,825.0,792.0,738.0,644.0,570.0,941.0,1285.0,1458.0,1440.0,1399.0,1355.0,1148.0,1016.0,859.0,767.0,555.0,337.0,237.0,16366.0
2021,Port Phillip,206051134.0,St Kilda East,394.0,305.0,300.0,240.0,574.0,1086.0,1136.0,864.0,597.0,549.0,460.0,422.0,300.0,268.0,187.0,123.0,74.0,67.0,7946.0,361.0,290.0,301.0,266.0,638.0,1168.0,1123.0,844.0,646.0,557.0,460.0,350.0,308.0,252.0,221.0,132.0,113.0,97.0,8127.0,755.0,595.0,601.0,506.0,1212.0,2254.0,2259.0,1708.0,1243.0,1106.0,920.0,772.0,608.0,520.0,408.0,255.0,187.0,164.0,16073.0
2021,Port Phillip,206051511.0,Port Melbourne Industrial,36.0,30.0,29.0,22.0,85.0,224.0,210.0,123.0,72.0,75.0,48.0,43.0,21.0,6.0,3.0,6.0,0.0,0.0,1033.0,37.0,24.0,15.0,27.0,92.0,208.0,180.0,111.0,69.0,46.0,45.0,25.0,15.0,8.0,7.0,2.0,0.0,0.0,911.0,73.0,54.0,44.0,49.0,177.0,432.0,390.0,234.0,141.0,121.0,93.0,68.0,36.0,14.0,10.0,8.0,0.0,0.0,1944.0
2021,Port Phillip,206051512.0,South Melbourne,262.0,242.0,222.0,188.0,324.0,583.0,660.0,562.0,412.0,464.0,376.0,371.0,334.0,230.0,218.0,164.0,104.0,128.0,5844.0,232.0,211.0,190.0,213.0,336.0,606.0,631.0,568.0,463.0,429.0,407.0,359.0,313.0,267.0,288.0,178.0,144.0,177.0,6012.0,494.0,453.0,412.0,401.0,660.0,1189.0,1291.0,1130.0,875.0,893.0,783.0,730.0,647.0,497.0,506.0,342.0,248.0,305.0,11856.0
2021,Port Phillip,206051513.0,St Kilda - Central,186.0,129.0,116.0,108.0,385.0,940.0,1052.0,770.0,501.0,424.0,342.0,328.0,283.0,228.0,171.0,98.0,53.0,20.0,6134.0,188.0,128.0,111.0,116.0,446.0,1049.0,986.0,698.0,446.0,359.0,344.0,312.0,263.0,187.0,141.0,72.0,66.0,40.0,5952.0,374.0,257.0,227.0,224.0,831.0,1989.0,2038.0,1468.0,947.0,783.0,686.0,640.0,546.0,415.0,312.0,170.0,119.0,60.0,12086.0
2021,Port Phillip,206051514.0,St Kilda - West,213.0,152.0,176.0,171.0,400.0,903.0,929.0,734.0,569.0,517.0,479.0,481.0,418.0,311.0,253.0,186.0,96.0,92.0,7080.0,196.0,170.0,160.0,165.0,435.0,1042.0,940.0,747.0,496.0,474.0,478.0,393.0,384.0,275.0,233.0,139.0,100.0,183.0,7010.0,409.0,322.0,336.0,336.0,835.0,1945.0,1869.0,1481.0,1065.0,991.0,957.0,874.0,802.0,586.0,486.0,325.0,196.0,275.0,14090.0
